Date,aapl,msft
2010-01-04,27.505053999999998,25.275177
2010-01-05,27.552608000000003,25.283342
2010-01-06,27.114347,25.128178
2010-01-07,27.064221999999997,24.866851999999998
2010-01-08,27.244156,25.038349
2010-01-11,27.00382,24.719858
2010-01-12,26.69665,24.55653
2010-01-13,27.073221000000004,24.785191
2010-01-14,26.916421999999997,25.283342
2010-01-15,26.466595,25.201679000000002
2010-01-19,27.63743,25.397671
2010-01-20,27.212028999999998,24.981182
2010-01-21,26.741630999999998,24.507528
2010-01-22,25.415281,23.650047
2010-01-25,26.099028,23.944042
2010-01-26,26.467879999999997,24.091042
2010-01-27,26.717218,24.229874
2010-01-28,25.613209,23.813379
2010-01-29,24.683992,23.013071
2010-02-01,25.027143,23.200891
2010-02-02,25.172379,23.24173
2010-02-03,25.605494,23.38056
2010-02-04,24.682707,22.735409
2010-02-05,25.120964,22.882407999999998
2010-02-08,24.948748000000002,22.637408999999998
2010-02-09,25.21479,22.874241
2010-02-10,25.077271,22.857906
2010-02-11,25.533520000000003,22.964071
2010-02-12,25.753294,22.808908
2010-02-16,26.141434,23.260166
2010-02-17,26.03219,23.457073
2010-02-18,26.081034,23.768854
2010-02-19,25.91909,23.604754999999997
2010-02-22,25.758438,23.571939
2010-02-23,25.326601,23.24375
2010-02-24,25.789278,23.489887
2010-02-25,25.961504,23.465281
2010-02-26,26.298227,23.522713
2010-03-01,26.859875,23.809872
2010-03-02,26.841879,23.350409
2010-03-03,26.903570000000002,23.350409
2010-03-04,27.080933,23.489887
2010-03-05,28.139957,23.457073
2010-03-08,28.156658,23.489887
2010-03-09,28.663040000000002,23.62937
2010-03-10,28.896948,23.768854
2010-03-11,28.981775,23.941149
2010-03-12,29.123152,24.014992000000003
2010-03-15,28.768428999999998,24.031397
2010-03-16,28.846829999999997,24.09704
2010-03-17,28.804413,24.310351999999998
2010-03-18,28.872532,24.293947
2010-03-19,28.564075,24.277538
2010-03-22,28.885386999999998,24.285742000000003
2010-03-23,29.349346,24.515470999999998
2010-03-24,29.479155,24.326764999999998
2010-03-25,29.129573999999998,24.622132999999998
2010-03-26,29.675797999999997,24.334965
2010-03-29,29.86729,24.277538
2010-03-30,30.311989,24.42523
2010-03-31,30.202738,24.031397
2010-04-01,30.327406,23.92474
2010-04-05,30.651283000000003,24.014992000000003
2010-04-06,30.786228,24.056015
2010-04-07,30.922462,24.080626000000002
2010-04-08,30.838919,24.548292
2010-04-09,31.075403,24.892885
2010-04-12,31.139671000000003,24.876476
2010-04-13,31.157658,24.983135
2010-04-14,31.576649,25.286715
2010-04-15,31.991770000000002,25.327732
2010-04-16,31.796416999999998,25.163635
2010-04-19,31.754002000000003,25.467211
2010-04-20,31.435268,25.729757
2010-04-21,33.315552000000004,25.705143
2010-04-22,34.24733,25.754374
2010-04-23,34.807686,25.401571
2010-04-26,34.636757,25.524642999999998
2010-04-27,33.677979,25.311319
2010-04-28,33.621433,25.360548
2010-04-29,34.526237,25.434395000000002
2010-04-30,33.555882000000004,25.056971
2010-05-03,34.231922,25.319526999999997
2010-05-04,33.246143,24.720582999999998
2010-05-05,32.900414000000005,24.490864000000002
2010-05-06,31.648615000000003,23.777055999999998
2010-05-07,30.313269000000002,23.145294
2010-05-10,32.643372,23.744235999999997
2010-05-11,32.968533,23.695007
2010-05-12,33.684402,24.15447
2010-05-13,33.205009000000004,23.990374
2010-05-14,32.621521,23.736031
2010-05-17,32.672934999999995,23.744235999999997
2010-05-18,32.43388,23.571165
2010-05-19,31.917231,23.274466
2010-05-20,30.557459,22.343155
2010-05-21,31.143524,22.120626
2010-05-24,31.714163,21.650854000000002
2010-05-25,31.516239000000002,21.486015
2010-05-26,31.373572999999997,20.612406
2010-05-27,32.561127,21.428329
2010-05-28,33.014804999999996,21.263494
2010-06-01,33.522472,21.337677
2010-06-02,33.923454,21.807444
2010-06-03,33.81678,22.137112
2010-06-04,32.896561,21.255249
2010-06-07,32.251377000000005,20.843166
2010-06-08,32.044464000000005,20.694822
2010-06-09,31.25662,20.431089
2010-06-10,32.196121000000005,20.604164
2010-06-11,32.581676,21.148111
2010-06-14,32.680649,21.016249
2010-06-15,33.375961,21.906353
2010-06-16,34.347569,21.692062
2010-06-17,34.941357,21.733267
2010-06-18,35.224106,21.790960000000002
2010-06-21,34.722865999999996,21.387117
2010-06-22,35.19582,21.238770000000002
2010-06-23,34.82568,20.859653
2010-06-24,34.572491,20.604164
2010-06-25,34.276894,20.216806
2010-06-28,34.482533000000004,20.035486
2010-06-29,32.923557,19.211317
2010-06-30,32.327217,18.964071
2010-07-01,31.935219,19.087695999999998
2010-07-02,31.737285999999997,19.17835
2010-07-06,31.954502,19.631645000000002
2010-07-07,33.244873,20.027243
2010-07-08,33.170311,20.117905
2010-07-09,33.366959,20.002514
2010-07-12,33.067501,20.464052
2010-07-13,32.361912,20.7113
2010-07-14,32.481445,20.966795
2010-07-15,32.316936,21.024487
2010-07-16,32.117722,20.513506
2010-07-19,31.562509999999996,20.793716
2010-07-20,32.373478000000006,20.999763
2010-07-21,32.675503000000006,20.703066
2010-07-22,33.289845,21.296463
2010-07-23,33.408085,21.271735999999997
2010-07-26,33.323260999999995,21.510744
2010-07-27,33.940174,21.560194
2010-07-28,33.539169,21.387117
2010-07-29,33.172894,21.453054
2010-07-30,33.062359,21.271735999999997
2010-08-02,33.653564,21.700306
2010-08-03,33.663849,21.560194
2010-08-04,33.798794,21.205801
2010-08-05,33.634289,20.9091
2010-08-06,33.427368,21.057454999999997
2010-08-09,33.640713,21.106899
2010-08-10,33.339973,20.661852
2010-08-11,32.154995,20.488775
2010-08-12,32.36063,20.183838
2010-08-13,32.014908,20.109661
2010-08-16,31.827263000000002,20.192079999999997
2010-08-17,32.383762,20.473791000000002
2010-08-18,32.525139,20.564934
2010-08-19,32.115142999999996,20.250073999999998
2010-08-20,32.084301,20.076083999999998
2010-08-23,31.590778000000004,20.117507999999997
2010-08-24,30.836351,19.918654999999998
2010-08-25,31.21677,19.968369
2010-08-26,30.88133,19.736368
2010-08-27,31.053565999999996,19.827509
2010-08-30,31.166655,19.587227
2010-08-31,31.243765000000003,19.446375
2010-09-01,32.172985,19.802647
2010-09-02,32.409462,19.835796
2010-09-03,33.257709999999996,20.125792999999998
2010-09-07,33.134327,19.852365
2010-09-08,33.791073,19.827509
2010-09-09,33.810356,19.893797
2010-09-10,33.854061,19.761221
2010-09-13,34.320591,20.805214000000003
2010-09-14,34.451683,20.738932000000002
2010-09-15,34.729294,20.813503
2010-09-16,35.545406,20.987499
2010-09-17,35.391186,20.896357000000002
2010-09-20,36.401363,21.070354000000002
2010-09-21,36.470772,20.838358
2010-09-22,36.982292,20.390932
2010-09-23,37.132652,20.241796
2010-09-24,37.569641,20.531792000000003
2010-09-27,37.420547,20.490364000000003
2010-09-28,36.867908,20.448935000000002
2010-09-29,36.933456,20.299791
2010-09-30,36.468193,20.291504
2010-10-01,36.310116,20.200367
2010-10-04,35.811446999999994,19.810938
2010-10-05,37.135231,20.175507
2010-10-06,37.167362,20.241796
2010-10-07,37.171223,20.324648
2010-10-08,37.794548,20.357792
2010-10-11,37.960342,20.374363
2010-10-12,38.369045,20.573215
2010-10-13,38.574673,20.995783
2010-10-14,38.853577,20.904644
2010-10-15,40.451103,21.161501
2010-10-18,40.870087,21.393494
2010-10-19,39.776367,20.796925
2010-10-20,39.910034,20.970928
2010-10-21,39.78022,21.062069
2010-10-22,39.516746999999995,21.028925
2010-10-25,39.692833,20.8715
2010-10-26,39.591282,21.459778
2010-10-27,39.563023,21.584057
2010-10-28,39.230129,21.774632
2010-10-29,38.682644,22.097773
2010-11-01,39.09391,22.329773
2010-11-02,39.759655,22.694336
2010-11-03,40.201775,22.396055
2010-11-04,40.904789,22.487202
2010-11-05,40.758282,22.246916
2010-11-08,40.949776,22.213767999999998
2010-11-09,40.623329,22.329773
2010-11-10,40.873940000000005,22.321486
2010-11-11,40.696587,22.106057999999997
2010-11-12,39.588710999999996,21.766346
2010-11-15,39.461483,21.708347
2010-11-16,38.761036,21.516609
2010-11-17,38.620945,21.316534
2010-11-18,39.640128999999995,21.541615
2010-11-19,39.421638,21.416573
2010-11-22,40.273754,21.449915
2010-11-23,39.67868,20.941387
2010-11-24,40.458813,21.149803
2010-11-26,40.484524,21.049758999999998
2010-11-29,40.724865,21.099781
2010-11-30,39.989703999999996,21.058094
2010-12-01,40.664452000000004,21.708347
2010-12-02,40.889374,22.416954
2010-12-03,40.798111,22.525328
2010-12-06,41.14642,22.375270999999998
2010-12-07,40.897071999999994,22.400282
2010-12-08,41.256943,22.700395999999998
2010-12-09,41.096287,22.575348
2010-12-10,41.1991,22.792092999999998
2010-12-13,41.341766,22.71707
2010-12-14,41.164398,23.025522
2010-12-15,41.173396999999994,23.217261999999998
2010-12-16,41.287781,23.333969
2010-12-17,41.205532,23.258944
2010-12-20,41.411159999999995,23.183912
2010-12-21,41.666924,23.400663
2010-12-22,41.790306,23.500708
2010-12-23,41.589817,23.592407
2010-12-27,41.728621999999994,23.400663
2010-12-28,41.830154,23.350645
2010-12-29,41.807021999999996,23.317297
2010-12-30,41.597527,23.217261999999998
2010-12-31,41.456154,23.267279000000002
2011-01-03,42.357094000000004,23.325636
2011-01-04,42.578156,23.417341
2011-01-05,42.926441,23.342314000000002
2011-01-06,42.891743,24.025904
2011-01-07,43.198914,23.842505
2011-01-10,44.012454999999996,23.525713
2011-01-11,43.908348,23.43401
2011-01-12,44.265644,23.800816
2011-01-13,44.427586,23.500708
2011-01-14,44.787437,23.592407
2011-01-18,43.781116,23.892517
2011-01-19,43.548496,23.734126999999997
2011-01-20,42.756797999999996,23.63409
2011-01-21,41.990798999999996,23.358988
2011-01-24,43.36985,23.659094
2011-01-25,43.877522,23.717451
2011-01-26,44.19239,23.992559
2011-01-27,44.110141999999996,24.067589
2011-01-28,43.196335,23.133898000000002
2011-01-31,43.610184000000004,23.117222
2011-02-01,44.344044,23.333969
2011-02-02,44.2528,23.292288
2011-02-03,44.139694,23.050526
2011-02-04,44.53297,23.150572
2011-02-07,45.224419,23.509035
2011-02-08,45.651115000000004,23.575731
2011-02-09,46.03154,23.317297
2011-02-10,45.566296,22.925484
2011-02-11,45.863174,22.71707
2011-02-14,46.162636,22.700395999999998
2011-02-15,46.255173,22.608147
2011-02-16,46.670303000000004,22.658468
2011-02-17,46.049538,22.817799
2011-02-18,45.054775,22.692014999999998
2011-02-22,43.518932,22.297874
2011-02-23,44.034309,22.297874
2011-02-24,44.067721999999996,22.448818
2011-02-25,44.746315,22.264329999999998
2011-02-28,45.395367,22.289494
2011-03-01,44.894123,21.937288
2011-03-02,45.255264000000004,21.870203
2011-03-03,46.211475,21.970831
2011-03-04,46.268021000000005,21.76119
2011-03-07,45.67168,21.568314
2011-03-08,45.723087,21.727642000000003
2011-03-09,45.300255,21.710869
2011-03-10,44.554817,21.308352
2011-03-11,45.238552,21.534767000000002
2011-03-14,45.440346000000005,21.54315
2011-03-15,44.395451,21.291574
2011-03-16,42.413643,20.788437
2011-03-17,43.008694,20.780045
2011-03-18,42.498463,20.796822
2011-03-21,43.607616,21.241264
2011-03-22,43.85181,21.216108
2011-03-23,43.593472,21.417370000000002
2011-03-24,44.336334,21.643782
2011-03-25,45.180721000000005,21.484459
2011-03-28,45.039359999999995,21.308352
2011-03-29,45.106182000000004,21.375436999999998
2011-03-30,44.806728,21.476065
2011-03-31,44.791302,21.291574
2011-04-01,44.283649,21.367054
2011-04-04,43.850516999999996,21.425751
2011-04-05,43.554916,21.618624
2011-04-06,43.445679,21.928898
2011-04-07,43.450817,21.970831
2011-04-08,43.062683,21.861816
2011-04-11,42.515178999999996,21.786343
2011-04-12,42.720814000000004,21.501225
2011-04-13,43.200195,21.492835999999997
2011-04-14,42.723372999999995,21.316734
2011-04-15,42.085907,21.274807
2011-04-18,42.650116,21.031622
2011-04-19,43.422534999999996,21.090324
2011-04-20,44.007309,21.601856
2011-04-21,45.072773,21.400595000000003
2011-04-25,45.369652,21.476065
2011-04-26,45.036792999999996,21.962448000000002
2011-04-27,45.002075,22.121778
2011-04-28,44.565094,22.398508
2011-04-29,44.9995,21.736027
2011-05-02,44.504696,21.517994
2011-05-03,44.751465,21.643782
2011-05-04,44.927532,21.853428
2011-05-05,44.565094,21.627012
2011-05-06,44.553543,21.694105
2011-05-09,44.674351,21.660555
2011-05-10,44.912109,21.526384
2011-05-11,44.626789,21.26642
2011-05-12,44.541965000000005,21.232879999999998
2011-05-13,43.761845,20.989689000000002
2011-05-16,42.836483,20.603941
2011-05-17,43.201477000000004,20.696798
2011-05-18,43.680865999999995,20.840286
2011-05-19,43.765696999999996,20.865606
2011-05-20,43.083244,20.671469000000002
2011-05-23,42.977852,20.401365
2011-05-24,42.693825,20.384485
2011-05-25,43.283733000000005,20.418249
2011-05-26,43.054970000000004,20.823399
2011-05-27,43.364693,20.899372
2011-05-31,44.703896,21.110392
2011-06-01,44.405727,20.620825
2011-06-02,44.481567,20.443571
2011-06-03,44.139694,20.181904
2011-06-06,43.445679,20.266308
2011-06-07,42.674538,20.308514000000002
2011-06-08,42.700233000000004,20.207226000000002
2011-06-09,42.603854999999996,20.224107999999998
2011-06-10,41.885418,20.013088
2011-06-13,41.97538,20.291632
2011-06-14,42.725945,20.443571
2011-06-15,41.994663,20.038412
2011-06-16,41.790306,20.257868
2011-06-17,41.160548999999996,20.477332999999998
2011-06-20,40.525653999999996,20.654583
2011-06-21,41.808296,20.899372
2011-06-22,41.462574,20.806519
2011-06-23,42.570438,20.78964
2011-06-24,41.943249,20.511091
2011-06-27,42.674538,21.270767000000003
2011-06-28,43.088390000000004,21.777212
2011-06-29,42.93158,21.625278
2011-06-30,43.141075,21.946026
2011-07-01,44.116562,21.96291
2011-07-05,44.909546,21.971348000000003
2011-07-06,45.209007,22.224570999999997
2011-07-07,45.908161,22.595968
2011-07-08,46.230759,22.722576
2011-07-11,45.496895,22.477797
2011-07-12,45.464764,22.401833
2011-07-13,46.01355,22.477797
2011-07-14,45.981415000000005,22.342741
2011-07-15,46.900349,22.604408
2011-07-18,48.04163,22.444031
2011-07-19,48.433628000000006,23.245905
2011-07-20,49.725281,22.840748
2011-07-21,49.775402,22.874512
2011-07-22,50.54781,23.237463
2011-07-25,51.216125,23.558218
2011-07-26,51.847176,23.701708
2011-07-27,50.456565999999995,23.068649
2011-07-28,50.357601,23.397837
2011-07-29,50.185383,23.127737
2011-08-01,50.991215000000004,23.018002
2011-08-02,49.983612,22.621292
2011-08-03,50.453998999999996,22.722576
2011-08-04,48.500454,21.895382
2011-08-05,48.018496999999996,21.675926
2011-08-08,45.395367,20.663029
2011-08-09,48.068622999999995,21.591515
2011-08-10,46.742278999999996,20.426689
2011-08-11,48.028786,21.262323000000002
2011-08-12,48.451611,21.186356
2011-08-15,49.276737,21.532427
2011-08-16,48.900162,21.532427
2011-08-17,48.895012,21.447489
2011-08-18,47.045589,20.954829999999998
2011-08-19,45.757785999999996,20.428202
2011-08-22,45.810482,20.368745999999998
2011-08-23,48.015926,20.997301
2011-08-24,48.347507,21.150192
2011-08-25,48.031361,20.869889999999998
2011-08-26,49.29858,21.447489
2011-08-29,50.119839,21.948643
2011-08-30,50.122406,22.279909
2011-08-31,49.459236,22.594186999999998
2011-09-01,48.970856,22.262918
2011-09-02,48.073757,21.914661
2011-09-06,48.80505,21.668332999999997
2011-09-07,49.343563,22.084547
2011-09-08,49.370556,22.271407999999997
2011-09-09,48.514590999999996,21.863692999999998
2011-09-12,48.830757,21.991107999999997
2011-09-13,49.432247,22.118520999999998
2011-09-14,50.033722,22.509242999999998
2011-09-15,50.504124,22.925453
2011-09-16,51.473183,23.035879
2011-09-19,52.903622,23.112329000000003
2011-09-20,53.137539000000004,22.91696
2011-09-21,52.969177,22.076048
2011-09-22,51.64283,21.2861
2011-09-23,51.961563,21.2861
2011-09-26,51.816322,21.608875
2011-09-27,51.313812,21.804241
2011-09-28,51.024632000000004,21.727795
2011-09-29,50.196953,21.617373
2011-09-30,49.008117999999996,21.141701
2011-10-03,48.144451000000004,20.835918
2011-10-04,47.874557,21.523933
2011-10-05,48.613548,21.991107999999997
2011-10-06,48.500454,22.373339
2011-10-07,47.52755,22.296889999999998
2011-10-10,49.970749,22.882988
2011-10-11,51.446182,22.93395
2011-10-12,51.690371999999996,22.899973000000003
2011-10-13,52.492355,23.086842
2011-10-14,54.236404,23.163286
2011-10-17,53.978077,22.91696
2011-10-18,54.267254,23.197262
2011-10-19,51.231552,23.044369
2011-10-20,50.806149,22.967924
2011-10-21,50.492558,23.069851
2011-10-24,52.150490000000005,23.095337
2011-10-25,51.122310999999996,22.772564000000003
2011-10-26,51.486031,22.585691
2011-10-27,52.011688,23.146297
2011-10-28,52.045109000000004,22.91696
2011-10-31,52.023254,22.619667
2011-11-01,50.960377,22.076048
2011-11-02,51.07605,22.093037
2011-11-03,51.803478000000005,22.534725
2011-11-04,51.439754,22.296889999999998
2011-11-07,51.374221999999996,22.764065
2011-11-08,52.209614,23.069851
2011-11-09,50.802296000000005,22.254427
2011-11-10,49.509353999999995,22.322376000000002
2011-11-11,49.432247,22.8575
2011-11-14,48.743359000000005,22.730089000000003
2011-11-15,49.973324,22.884134
2011-11-16,49.451519,22.310748999999998
2011-11-17,48.5056,21.857172
2011-11-18,48.188140999999995,21.651783
2011-11-21,47.42601,21.395041
2011-11-22,48.389927,21.215319
2011-11-23,47.166393,20.941461999999998
2011-11-25,46.726845000000004,20.79598
2011-11-28,48.339802,21.283785
2011-11-29,47.964527000000004,21.258110000000002
2011-11-30,49.121216,21.891407
2011-12-01,49.857642999999996,21.634666
2011-12-02,50.08514,21.583317
2011-12-05,50.510551,21.994101
2011-12-06,50.245789,21.959875
2011-12-07,50.006741,21.908524
2011-12-08,50.208511,21.737356
2011-12-09,50.588943,21.994101
2011-12-12,50.360172,21.831501
2011-12-13,49.970749,22.045448
2011-12-14,48.862885,21.899964999999998
2011-12-15,48.702248,21.874287
2011-12-16,48.969566,22.250839000000003
2011-12-19,49.122501,21.848616
2011-12-20,50.888405,22.276516
2011-12-21,50.952663,22.045448
2011-12-22,51.222557,22.088236
2011-12-23,51.836887,22.276516
2011-12-27,52.248165,22.285072
2011-12-28,51.748211,22.096794
2011-12-29,52.066956,22.267955999999998
2011-12-30,52.051525,22.21661
2012-01-03,52.852215,22.909807
2012-01-04,53.136253,23.448965
2012-01-05,53.726177,23.688589
2012-01-06,54.28781899999999,24.056585000000002
2012-01-09,54.20170600000001,23.739935
2012-01-10,54.395779000000005,23.825512
2012-01-11,54.307095,23.722824
2012-01-12,54.158012,23.962446
2012-01-13,53.954944999999995,24.176397
2012-01-17,54.583416,24.184952
2012-01-18,55.150204,24.159279
2012-01-19,54.975407,24.06514
2012-01-20,54.017918,25.425864999999998
2012-01-23,54.931702,25.442984
2012-01-24,54.032063,25.109220999999998
2012-01-25,57.40576899999999,25.297495
2012-01-26,57.144859,25.246143
2012-01-27,57.485451,25.015079
2012-01-30,58.221874,25.340286
2012-01-31,58.66785,25.271822
2012-02-01,58.63058100000001,25.57991
2012-02-02,58.493065,25.631256
2012-02-03,59.079131999999994,25.87944
2012-02-06,59.630486,25.845205
2012-02-07,60.255104,25.973579
2012-02-08,61.264008,26.238876
2012-02-09,63.383334999999995,26.333016999999998
2012-02-10,63.41546999999999,26.101952
2012-02-13,64.595322,26.170412
2012-02-14,65.476974,26.058426
2012-02-15,63.961693000000004,25.886139
2012-02-16,64.54518900000001,26.954327000000003
2012-02-17,64.5336,26.919863
2012-02-21,66.16969300000001,27.083532
2012-02-22,65.937065,26.937094000000002
2012-02-23,66.367615,27.023232
2012-02-24,67.141327,27.117989
2012-02-27,67.571899,27.006003999999997
2012-02-28,68.812119,27.453951
2012-02-29,69.715645,27.341969
2012-03-01,69.976509,27.815758000000002
2012-03-02,70.06779499999999,27.634859000000002
2012-03-05,68.522949,27.393648
2012-03-06,68.150223,27.186911
2012-03-07,68.20549799999999,27.428108
2012-03-08,69.657791,27.574554
2012-03-09,70.066505,27.557327
2012-03-12,70.944305,27.600395000000002
2012-03-13,73.013504,28.143101
2012-03-14,75.774162,28.229246000000003
2012-03-15,75.25750699999999,28.298154999999998
2012-03-16,75.258797,28.082797999999997
2012-03-19,77.254745,27.738220000000002
2012-03-20,77.879356,27.557327
2012-03-21,77.434692,27.488409000000004
2012-03-22,77.02855699999999,27.565936999999998
2012-03-23,76.605728,27.574554
2012-03-26,78.010452,28.074188
2012-03-27,78.974373,28.013884
2012-03-28,79.37793,27.729609000000004
2012-03-29,78.380608,27.669308
2012-03-30,77.055557,27.789909
2012-04-02,79.507736,27.815758000000002
2012-04-03,80.881638,27.514252000000003
2012-04-04,80.237762,26.885405
2012-04-05,81.442001,27.152458000000003
2012-04-09,81.769722,26.790649
2012-04-10,80.768547,26.247947999999997
2012-04-11,80.480659,26.144569
2012-04-12,80.039825,26.687277
2012-04-13,77.785545,26.540831
2012-04-16,74.559647,26.773417
2012-04-17,78.360031,27.083532
2012-04-18,78.185257,26.825104
2012-04-19,75.499146,26.713117999999998
2012-04-20,73.640701,27.927738
2012-04-23,73.476189,27.669308
2012-04-24,72.00846899999999,27.497025
2012-04-25,78.39859799999999,27.738220000000002
2012-04-26,78.102997,27.660694
2012-04-27,77.49894,27.548706
2012-04-30,75.054443,27.583171999999998
2012-05-01,74.816681,27.574554
2012-05-02,75.311485,27.393648
2012-05-03,74.776848,27.359194
2012-05-04,72.647217,26.687277
2012-05-07,73.19088,26.402997999999997
2012-05-08,73.023804,26.273787
2012-05-09,73.152298,26.497759000000002
2012-05-10,73.324539,26.480532
2012-05-11,72.834885,26.842335
2012-05-14,71.74368299999999,26.428841
2012-05-15,71.094658,26.194729000000002
2012-05-16,70.183449,25.925936
2012-05-17,68.132248,25.769852
2012-05-18,68.165665,25.379671
2012-05-21,72.136993,25.795868
2012-05-22,71.583061,25.804539000000002
2012-05-23,73.329674,25.240935999999998
2012-05-24,72.656212,25.206251
2012-05-25,72.2668,25.197577
2012-05-29,73.549454,25.631123000000002
2012-05-30,74.436249,25.440367000000002
2012-05-31,74.251175,25.310303
2012-06-01,72.099739,24.668653
2012-06-04,72.523842,24.755363
2012-06-05,72.336205,24.720682
2012-06-06,73.445358,25.44903
2012-06-07,73.478767,25.344986
2012-06-08,74.584061,25.709158
2012-06-11,73.40808100000001,25.058844
2012-06-12,74.0494,25.397011
2012-06-13,73.53531600000001,25.258274
2012-06-14,73.45433,25.440367000000002
2012-06-15,73.788521,26.029984
2012-06-18,75.285774,25.873913
2012-06-19,75.495277,26.619606
2012-06-20,75.280624,26.819031
2012-06-21,74.24346899999999,26.134035
2012-06-22,74.812836,26.619606
2012-06-25,73.356667,25.899921
2012-06-26,73.518631,26.029984
2012-06-27,73.836052,26.160044
2012-06-28,73.135612,25.934604999999998
2012-06-29,75.057014,26.524225
2012-07-02,76.15203100000001,26.498209000000003
2012-07-03,77.037544,26.671631
2012-07-05,78.390877,26.619606
2012-07-06,77.86908000000001,26.177385
2012-07-09,78.898537,26.012642
2012-07-10,78.168549,25.787198999999998
2012-07-11,77.682732,25.40568
2012-07-12,76.972008,24.824728
2012-07-13,77.752136,25.483719
2012-07-16,78.00147199999999,25.527071
2012-07-17,78.005302,25.717825
2012-07-18,77.91793100000001,26.402835999999997
2012-07-19,78.953827,26.593596
2012-07-20,77.666023,26.116692
2012-07-23,77.60560600000001,25.388336
2012-07-24,77.23162099999999,25.275620999999997
2012-07-25,73.896461,24.99815
2012-07-26,73.884888,25.284288
2012-07-27,75.2061,25.804539000000002
2012-07-30,76.47461700000001,25.700492999999998
2012-07-31,78.496284,25.553089
2012-08-01,77.98859399999999,25.501054999999997
2012-08-02,78.114563,25.310303
2012-08-03,79.13117199999999,25.795868
2012-08-06,80.01155899999999,25.96929
2012-08-07,79.800781,26.238083000000003
2012-08-08,79.66584,26.298779999999997
2012-08-09,80.120171,26.446185999999997
2012-08-10,80.245369,26.376820000000002
2012-08-13,81.316681,26.350807
2012-08-14,81.534821,26.298434999999998
2012-08-15,81.42381999999999,26.359537
2012-08-16,82.135017,26.865774
2012-08-17,83.654213,26.970515999999996
2012-08-20,85.853645,26.830864000000002
2012-08-21,84.680359,26.883228000000003
2012-08-22,86.333794,26.656298
2012-08-23,85.528366,26.411903000000002
2012-08-24,85.604523,26.67375
2012-08-27,87.212784,26.787224
2012-08-28,87.099197,26.734856
2012-08-29,86.927536,26.752309999999998
2012-08-30,85.688416,26.464273
2012-08-31,85.865257,26.900688
2012-09-04,87.12114,26.525377000000002
2012-09-05,86.509338,26.525377000000002
2012-09-06,87.288956,27.363289
2012-09-07,87.82717099999999,27.014162
2012-09-10,85.542564,26.813404
2012-09-11,85.265068,26.874503999999998
2012-09-12,86.452538,26.865774
2012-09-13,88.155037,27.005426
2012-09-14,89.226341,27.241090999999997
2012-09-17,90.323479,27.241090999999997
2012-09-18,90.598404,27.214911999999998
2012-09-19,90.62293199999999,27.101442
2012-09-20,90.18409,27.450571000000004
2012-09-21,90.363457,27.223639000000002
2012-09-24,89.163078,26.865774
2012-09-25,86.936554,26.525377000000002
2012-09-26,85.857506,26.333346999999996
2012-09-27,87.94075,26.324617
2012-09-28,86.105347,25.975487
2012-10-01,85.110161,25.739824
2012-10-02,85.358002,25.888206
2012-10-03,86.66681700000001,26.062775
2012-10-04,86.066612,26.211154999999998
2012-10-05,84.23246,26.054043
2012-10-08,82.371223,25.992943
2012-10-09,82.071747,25.556532
2012-10-10,82.724876,25.294678
2012-10-11,81.071426,25.268496
2012-10-12,81.27924300000001,25.486698
2012-10-15,81.931084,25.757279999999998
2012-10-16,83.87105600000001,25.739824
2012-10-17,83.202446,25.827108
2012-10-18,81.657455,25.748554000000002
2012-10-19,78.714554,24.99791
2012-10-22,81.836838,24.439304
2012-10-23,79.168869,24.482943
2012-10-24,79.616783,24.352022
2012-10-25,78.675812,24.33456
2012-10-26,77.960747,24.622598999999997
2012-10-31,76.840401,24.910635
2012-11-01,76.997864,25.766008
2012-11-02,74.449928,25.748554000000002
2012-11-05,75.45929,25.862019
2012-11-06,75.230835,26.062775
2012-11-07,72.35231,25.38196
2012-11-08,69.726601,25.146299
2012-11-09,70.933784,25.163755
2012-11-12,70.385323,24.631327
2012-11-13,70.39439399999999,23.839320999999998
2012-11-14,69.613815,23.619318
2012-11-15,68.153778,23.46092
2012-11-16,68.420891,23.337719
2012-11-19,73.354591,23.52252
2012-11-20,72.729614,23.504921
2012-11-21,72.83206899999999,23.716124
2012-11-23,74.10276,24.376123
2012-11-26,76.440598,24.103319
2012-11-27,75.82470699999999,23.830524
2012-11-28,75.58612099999999,24.076925
2012-11-29,76.41855600000001,23.716124
2012-11-30,75.889534,23.425722
2012-12-03,76.00752299999999,23.258518
2012-12-04,74.666801,23.205727
2012-12-05,69.861458,23.469717000000003
2012-12-06,70.957123,23.52252
2012-12-07,69.143127,23.284922
2012-12-10,68.69838,23.707323000000002
2012-12-11,70.198608,24.041723
2012-12-12,69.88871,23.971325
2012-12-13,68.681526,23.856922
2012-12-14,66.10123399999999,23.59292
2012-12-17,67.27336899999999,23.84812
2012-12-18,69.227417,24.25292
2012-12-19,68.243271,24.032920999999998
2012-12-20,67.649422,24.358522
2012-12-21,67.338219,24.156122
2012-12-24,67.447121,23.812922
2012-12-26,66.517448,23.636923
2012-12-27,66.784554,23.72492
2012-12-28,66.07527900000001,23.36412
2012-12-31,69.00308199999999,23.504921
2013-01-02,71.189217,24.305723
2013-01-03,70.290649,23.98012
2013-01-04,68.332726,23.531319
2013-01-07,67.930763,23.487322
2013-01-08,68.11359399999999,23.36412
2013-01-09,67.049049,23.496119
2013-01-10,67.880211,23.284922
2013-01-11,67.463989,23.610521
2013-01-14,65.05873100000001,23.663321
2013-01-15,63.006161,23.944927
2013-01-16,65.621475,23.795326
2013-01-17,65.17930600000001,23.98012
2013-01-18,64.831818,23.98012
2013-01-22,65.45030200000001,23.892120000000002
2013-01-23,66.64840699999999,24.296923
2013-01-24,58.413467000000004,24.314518
2013-01-25,57.036427,24.534525
2013-01-28,58.326584,24.560926000000002
2013-01-29,59.42094399999999,24.648922
2013-01-30,59.234215,24.508125
2013-01-31,59.06048199999999,24.156122
2013-02-01,58.818024,24.578526
2013-02-04,57.35281,24.147326
2013-02-05,59.365196,24.200127
2013-02-06,59.301662,24.059322
2013-02-07,61.064933999999994,24.006525
2013-02-08,61.946575,24.244123000000002
2013-02-11,62.592148,24.516924
2013-02-12,61.023196999999996,24.534525
2013-02-13,60.90711999999999,24.666523
2013-02-14,60.85234499999999,24.675329
2013-02-15,60.013752000000004,24.648922
2013-02-19,59.991589000000005,24.888498000000002
2013-02-20,58.53870799999999,24.728781
2013-02-21,58.174831000000005,24.391614999999998
2013-02-22,58.794318999999994,24.631178
2013-02-25,57.749676,24.285137
2013-02-26,58.554363,24.285137
2013-02-27,57.980515000000004,24.675547
2013-02-28,57.567085,24.666672
2013-03-01,56.141605000000006,24.799768
2013-03-04,54.782627000000005,24.977224
2013-03-05,56.228977,25.15468
2013-03-06,55.514275,24.923988
2013-03-07,56.155944999999996,24.968351000000002
2013-03-08,56.304623,24.84413
2013-03-11,57.106697,24.728781
2013-03-12,55.875538,24.764271
2013-03-13,55.86510500000001,24.773146
2013-03-14,56.406349,24.968351000000002
2013-03-15,57.861835,24.879622
2013-03-18,59.434692000000005,24.932859
2013-03-19,59.274273,25.003841
2013-03-20,58.959965000000004,25.128063
2013-03-21,59.044731000000006,24.941738
2013-03-22,60.24199300000001,25.065952
2013-03-25,60.459785,24.986097
2013-03-26,60.141571,24.986097
2013-03-27,58.959965000000004,25.172424
2013-03-28,57.731411,25.385376
2013-04-01,55.938145,25.385376
2013-04-02,56.05290600000001,25.553963
2013-04-03,56.339831999999994,25.341010999999998
2013-04-04,55.78294,25.376503
2013-04-05,55.193451,25.465235
2013-04-08,55.586014,25.36763
2013-04-09,55.686431999999996,26.272663
2013-04-10,56.82238,26.867157000000002
2013-04-11,56.645012,25.678182999999997
2013-04-12,56.054221999999996,25.545092
2013-04-15,54.75654599999999,25.456364
2013-04-16,55.589923999999996,25.704803
2013-04-17,52.532906000000004,25.580579999999998
2013-04-18,51.130882,25.545092
2013-04-19,50.932652000000004,26.414633000000002
2013-04-22,51.99427,27.355162
2013-04-23,52.96719,27.151085
2013-04-24,52.87980699999999,28.18034
2013-04-25,53.260631999999994,28.340054
2013-04-26,54.410934,28.206963000000002
2013-04-29,56.095946999999995,28.934540000000002
2013-04-30,57.747059,29.369312
2013-05-01,57.291889000000005,29.032145
2013-05-02,58.10440799999999,29.42255
2013-05-03,58.686077000000004,29.715351000000002
2013-05-06,60.085476,29.946051
2013-05-07,59.818127000000004,29.555643
2013-05-08,60.49369,29.271709
2013-05-09,59.965931000000005,28.978901
2013-05-10,59.46706,29.00552
2013-05-13,59.699431999999995,29.307199
2013-05-14,58.271083999999995,29.959469
2013-05-15,56.300521999999994,30.245388000000002
2013-05-16,57.052780000000006,30.450895000000003
2013-05-17,56.879478000000006,31.156775
2013-05-20,58.148987,31.344412
2013-05-21,57.719688,31.138901
2013-05-22,57.94155500000001,30.924463
2013-05-23,58.045265,30.513443
2013-05-24,58.440422,30.620663
2013-05-28,57.953368999999995,31.2908
2013-05-29,58.414173,31.165714
2013-05-30,59.284576,31.299734
2013-05-31,59.041709999999995,31.183575
2013-06-03,59.171677,31.800098
2013-06-04,58.986561,31.263994
2013-06-05,58.435165000000005,31.076353000000005
2013-06-06,57.562144999999994,31.237190000000002
2013-06-07,58.001948999999996,31.871582
2013-06-10,57.618603,31.692875
2013-06-11,57.449242000000005,31.129965000000002
2013-06-12,56.739006,31.272935999999998
2013-06-13,57.233936,31.022748999999997
2013-06-14,56.458061,30.736824
2013-06-17,56.714068999999995,31.272935999999998
2013-06-18,56.683868000000004,31.255053000000004
2013-06-19,55.532516,30.906585999999997
2013-06-20,54.723819999999996,29.923721
2013-06-21,54.285336,29.727146
2013-06-24,52.846478000000005,30.129234000000004
2013-06-25,52.858284,30.084554999999998
2013-06-26,52.259644,30.69215
2013-06-27,51.69643,30.933395
2013-06-28,52.057472,30.861908000000003
2013-07-01,53.723442000000006,30.701092
2013-07-02,54.940433999999996,30.325808000000002
2013-07-03,55.243694,30.388351
2013-07-05,54.79995699999999,30.567055
2013-07-08,54.488823,30.674276000000003
2013-07-09,55.447182,30.69215
2013-07-10,55.234512,31.004881
2013-07-11,56.095721999999995,31.88945
2013-07-12,55.993324,31.871582
2013-07-15,56.115402,32.318329
2013-07-16,56.477757,32.407696
2013-07-17,56.492199,31.93413
2013-07-18,56.682552,31.666084
2013-07-19,55.788513,28.056279999999997
2013-07-22,55.967068000000005,28.601328000000002
2013-07-23,55.006069,28.431559000000004
2013-07-24,57.831276,28.556652000000003
2013-07-25,57.56739399999999,28.047348
2013-07-26,57.894299,28.252857000000002
2013-07-29,58.787022,28.181378999999996
2013-07-30,59.513016,28.458364000000003
2013-07-31,59.409293999999996,28.44943
2013-08-01,59.954108999999995,28.297533
2013-08-02,60.723431000000005,28.494106
2013-08-05,61.630589,28.324340999999997
2013-08-06,61.079197,28.217115000000003
2013-08-07,61.043766000000005,28.646002000000003
2013-08-08,60.922183999999994,29.387619
2013-08-09,60.055271,29.217846
2013-08-12,61.761326000000004,29.369745
2013-08-13,64.69635799999999,29.000828000000002
2013-08-14,65.876465,29.108798999999998
2013-08-15,65.798477,28.604912
2013-08-16,66.382607,28.613903000000004
2013-08-19,67.097527,28.244985999999997
2013-08-20,66.216072,28.451940999999998
2013-08-21,66.38655899999999,28.442945
2013-08-22,66.465851,29.144794
2013-08-23,66.209473,31.268339
2013-08-26,66.467178,30.728456
2013-08-27,64.566856,29.927629
2013-08-28,64.872116,29.711676
2013-08-29,64.97784399999999,30.188571999999997
2013-08-30,64.385818,30.0536
2013-09-03,64.565536,28.685896000000003
2013-09-04,65.90158100000001,28.07402
2013-09-05,65.44963100000001,28.101015000000004
2013-09-06,65.839439,28.029034000000003
2013-09-09,66.89003000000001,28.487934000000003
2013-09-10,65.36635600000001,29.144794
2013-09-11,61.807570999999996,29.459728000000002
2013-09-12,62.465687,29.414738
2013-09-13,61.436237,29.720672999999998
2013-09-16,59.48307,29.513718
2013-09-17,60.17025400000001,29.630695000000003
2013-09-18,61.407166000000004,29.981615
2013-09-19,62.414134999999995,30.269556
2013-09-20,61.767936999999996,29.504717
2013-09-23,64.837769,29.459728000000002
2013-09-24,64.63426199999999,29.198784000000003
2013-09-25,63.633883999999995,29.252769
2013-09-26,64.253662,29.486728999999997
2013-09-27,63.795109,29.936628000000002
2013-09-30,63.002205000000004,29.94562
2013-10-01,64.483612,30.215571999999998
2013-10-02,64.69503,30.521503000000003
2013-10-03,63.88231999999999,30.467509999999997
2013-10-04,63.83211899999999,30.485508000000003
2013-10-07,64.45585600000001,29.963623
2013-10-08,63.555907999999995,29.702677
2013-10-09,64.302559,29.756664
2013-10-10,64.705612,30.377529
2013-10-11,65.12451899999999,30.710459000000004
2013-10-14,65.551369,30.998404999999998
2013-10-15,65.900238,31.034390999999996
2013-10-16,66.221367,31.169365000000003
2013-10-17,66.669342,31.421307000000002
2013-10-18,67.249496,31.457294
2013-10-21,68.897377,31.484293
2013-10-22,68.70049300000001,31.115374
2013-10-23,69.373138,30.377529
2013-10-24,70.291588,30.341540999999996
2013-10-25,69.50528,32.150158000000005
2013-10-28,70.0233,32.006184000000005
2013-10-29,68.278938,31.961197
2013-10-30,69.365204,31.979189
2013-10-31,69.074471,31.862221
2013-11-01,68.721642,31.970194
2013-11-04,69.609665,32.339110999999995
2013-11-05,69.437889,32.968987
2013-11-06,69.24116500000001,34.354683
2013-11-07,68.120621,33.742816999999995
2013-11-08,69.193314,33.994762
2013-11-11,68.992599,33.823795000000004
2013-11-12,69.120201,33.61684
2013-11-13,69.20259899999999,34.336689
2013-11-14,70.203514,34.21072
2013-11-15,69.782166,34.048747999999996
2013-11-18,68.936768,33.472881
2013-11-19,69.059044,33.309673
2013-11-20,68.454254,33.617931
2013-11-21,69.270386,33.908051
2013-11-22,69.092285,34.062183000000005
2013-11-25,69.61599,34.125648
2013-11-26,70.900009,33.86272
2013-11-27,72.56950400000001,34.089382
2013-11-29,73.91333,34.569901
2013-12-02,73.269989,34.860012
2013-12-03,75.275764,34.733093
2013-12-04,75.100319,35.304264
2013-12-05,75.485786,34.452038
2013-12-06,74.438362,34.778419
2013-12-09,75.29039,35.095745
2013-12-10,75.173416,34.551773
2013-12-11,74.616478,34.09845
2013-12-12,74.50747700000001,33.744869
2013-12-13,73.69534300000001,33.264351
2013-12-16,74.103409,33.445679
2013-12-17,73.769768,33.110217999999996
2013-12-18,73.208862,33.164619
2013-12-19,72.37011700000001,32.865429
2013-12-20,72.976242,33.364079
2013-12-23,75.776878,33.200878
2013-12-24,75.45519300000001,33.617931
2013-12-26,74.954094,33.944324
2013-12-27,74.44767,33.808323
2013-12-30,73.707298,33.808323
2013-12-31,74.571281,33.917126
2014-01-02,73.52253,33.690468
2014-01-03,71.907555,33.463809999999995
2014-01-06,72.299644,32.756634000000005
2014-01-07,71.782608,33.010487
2014-01-08,72.23719,32.421169
2014-01-09,71.314728,32.212658000000005
2014-01-10,70.838882,32.675036999999996
2014-01-13,71.209717,31.714008000000003
2014-01-14,72.62665600000001,32.439308000000004
2014-01-15,74.084801,33.327805
2014-01-16,73.67139399999999,33.445679
2014-01-17,71.866348,32.983292
2014-01-21,72.982872,32.792896
2014-01-22,73.30720500000001,32.575309999999995
2014-01-23,73.927948,32.693176
2014-01-24,72.584122,33.37315
2014-01-27,73.172943,32.665974
2014-01-28,67.324432,32.883564
2014-01-29,66.56014300000001,33.237148
2014-01-30,66.431213,33.418479999999995
2014-01-31,66.540199,34.306979999999996
2014-02-03,66.663811,33.073956
2014-02-04,67.62883000000001,32.956089
2014-02-05,68.133934,32.475574
2014-02-06,68.531052,32.801971
2014-02-07,69.489799,33.146488
2014-02-10,70.734695,33.364079
2014-02-11,71.666718,33.699532
2014-02-12,71.661362,33.971527
2014-02-13,72.79927099999999,34.09845
2014-02-14,72.740463,34.107513
2014-02-18,73.00790400000001,34.180584
2014-02-19,71.855263,34.262802
2014-02-20,71.023521,34.482021
2014-02-21,70.234596,34.692116
2014-02-24,70.542152,34.427223
2014-02-25,69.80806700000001,34.290207
2014-02-26,69.178246,34.226261
2014-02-27,70.558205,34.5825
2014-02-28,70.366982,34.993546
2014-03-03,70.570236,34.509426
2014-03-04,71.03556800000001,35.084881
2014-03-05,71.18534100000001,34.81086
2014-03-06,70.970055,34.847401
2014-03-07,70.928604,34.619034
2014-03-10,70.992775,34.545967
2014-03-11,71.68408199999999,34.728645
2014-03-12,71.753624,34.957008
2014-03-13,70.956673,34.609898
2014-03-14,70.159729,34.436347999999995
2014-03-17,70.433861,34.756046000000005
2014-03-18,71.056946,36.126197999999995
2014-03-19,71.038239,35.870438
2014-03-20,70.695923,36.838676
2014-03-21,71.253517,36.683395000000004
2014-03-24,72.098618,36.993953999999995
2014-03-25,72.874161,36.847813
2014-03-26,72.177513,36.345425
2014-03-27,71.867294,35.952647999999996
2014-03-28,71.787056,36.811268
2014-03-31,71.770996,37.441544
2014-04-01,72.427544,37.834312
2014-04-02,72.547905,37.770367
2014-04-03,72.045128,37.459812
2014-04-04,71.113136,36.418495
2014-04-07,69.996613,36.354561
2014-04-08,69.992584,36.372822
2014-04-09,70.91256,36.966553000000005
2014-04-10,69.99794,35.952647999999996
2014-04-11,69.480453,35.815632
2014-04-14,69.75724,35.788227
2014-04-15,69.259811,36.308884
2014-04-16,69.400215,36.902618
2014-04-17,70.193161,36.546375
2014-04-21,71.026222,36.482433
2014-04-22,71.097084,36.528107
2014-04-23,70.16774699999999,36.254078
2014-04-24,75.920242,36.409359
2014-04-25,76.477829,36.455036
2014-04-28,79.439636,37.331928000000005
2014-04-29,79.20429200000001,37.003094
2014-04-30,78.90477800000001,36.902618
2014-05-01,79.09066,36.537234999999995
2014-05-02,79.23774,36.254078
2014-05-05,80.358292,36.016586
2014-05-06,79.482452,35.678622999999995
2014-05-07,79.20429200000001,36.00745
2014-05-08,79.063126,36.208408
2014-05-09,78.733696,36.117062
2014-05-12,79.713921,36.509838
2014-05-13,79.838974,37.181346999999995
2014-05-14,79.85376,37.015774
2014-05-15,79.17472099999999,36.427052
2014-05-16,80.34322399999999,36.638622
2014-05-19,81.29521899999999,36.565037
2014-05-20,81.311363,36.500637
2014-05-21,81.526489,37.116959
2014-05-22,81.655579,36.886986
2014-05-23,82.57800300000001,36.905384000000005
2014-05-27,84.124321,36.969776
2014-05-28,83.906494,36.804203
2014-05-29,85.435349,37.107765
2014-05-30,85.11533399999999,37.659679
2014-06-02,84.530403,37.521706
2014-06-03,85.725792,37.061768
2014-06-04,86.704674,37.089359
2014-06-05,87.044861,37.908051
2014-06-06,86.805527,38.156414
2014-06-09,88.19453399999999,37.963245
2014-06-10,88.71219599999999,37.816067
2014-06-11,88.34513100000001,37.586094
2014-06-12,86.867378,37.328528999999996
2014-06-13,85.91671,37.926445
2014-06-16,86.782669,38.174812
2014-06-17,86.669724,38.340393
2014-06-18,86.76384,38.312798
2014-06-19,86.462639,38.184006
2014-06-20,85.568466,38.340393
2014-06-23,85.493149,38.625553000000004
2014-06-24,84.975479,38.404781
2014-06-25,85.050781,38.662346
2014-06-26,85.55905200000001,38.377186
2014-06-27,86.5756,38.864723
2014-06-30,87.46978,38.358791
2014-07-01,88.025101,38.515167
2014-07-02,87.987465,38.542770000000004
2014-07-03,88.505142,38.450775
2014-07-07,90.331161,38.625553000000004
2014-07-08,89.74758100000001,38.432381
2014-07-09,89.78523299999999,38.331196000000006
2014-07-10,89.455788,38.349585999999995
2014-07-11,89.625221,38.717537
2014-07-14,90.782951,38.763527
2014-07-15,89.719353,39.048698
2014-07-16,89.211075,40.548092
2014-07-17,87.620369,40.962036
2014-07-18,88.88164499999999,41.109215
2014-07-21,88.420441,41.247192
2014-07-22,89.15460999999999,41.237999
2014-07-23,91.479477,41.274796
2014-07-24,91.328888,40.842453000000006
2014-07-25,91.931259,40.934441
2014-07-28,93.201942,40.446907
2014-07-29,92.599541,40.373314
2014-07-30,92.383072,40.088153999999996
2014-07-31,89.982887,39.701805
2014-08-01,90.481758,39.425846
2014-08-04,89.973488,39.894978
2014-08-05,89.531097,39.62822
2014-08-06,89.380486,39.315456
2014-08-07,89.37104000000001,39.766201
2014-08-08,89.616989,39.738609000000004
2014-08-11,90.79937,39.738609000000004
2014-08-12,90.780479,40.032959000000005
2014-08-13,91.981789,40.548092
2014-08-14,92.227737,40.72287
2014-08-15,92.68177,41.201199
2014-08-18,93.79798100000001,41.495567
2014-08-19,95.093887,41.95837
2014-08-20,95.131729,41.606636
2014-08-21,95.141182,41.856556
2014-08-22,95.841164,41.791759000000006
2014-08-25,96.049286,41.810272
2014-08-26,95.434425,41.66217
2014-08-27,96.607376,41.532585
2014-08-28,96.720871,41.54184
2014-08-29,96.957352,42.050938
2014-09-02,97.714119,41.736214000000004
2014-09-03,93.589867,41.615894
2014-09-04,92.814201,41.893581
2014-09-05,93.61824,42.495235
2014-09-08,93.041229,43.013584
2014-09-09,92.69124599999999,43.282009
2014-09-10,95.538475,43.35606
2014-09-11,95.945229,43.504154
2014-09-12,96.162788,43.226479
2014-09-15,96.134392,42.80069
2014-09-16,95.406036,43.282009
2014-09-17,96.08710500000001,43.05986
2014-09-18,96.285759,43.207962
2014-09-19,95.500633,43.985481
2014-09-22,95.59523,43.5597
2014-09-23,97.089775,43.096889000000004
2014-09-24,96.247917,43.578213
2014-09-25,92.577736,42.615562
2014-09-26,95.301994,42.958046
2014-09-29,94.69659399999999,42.985813
2014-09-30,95.301994,42.911755
2014-10-01,93.816879,42.485985
2014-10-02,94.497955,42.356384000000006
2014-10-03,94.233101,42.661842
2014-10-06,94.233101,42.661842
2014-10-07,93.41014100000001,42.143505
2014-10-08,95.349274,43.300526
2014-10-09,95.557373,42.439693
2014-10-10,95.283066,40.755066
2014-10-13,94.41282700000001,40.403335999999996
2014-10-14,93.41014100000001,40.477385999999996
2014-10-15,92.26557199999999,40.005318
2014-10-16,91.054794,39.561015999999995
2014-10-17,92.388535,40.384827
2014-10-20,94.365532,40.801342
2014-10-21,96.92896999999999,41.54184
2014-10-22,97.420868,41.079033
2014-10-23,99.161377,41.671432
2014-10-24,99.53025799999999,42.698868
2014-10-27,99.426224,42.495235
2014-10-28,100.968079,43.032089
2014-10-29,101.535629,43.15242
2014-10-30,101.195114,42.624813
2014-10-31,102.15995,43.457882
2014-11-03,103.484245,43.911429999999996
2014-11-04,102.727509,44.031760999999996
2014-11-05,102.97345,44.30019
2014-11-06,103.26795200000001,45.077717
2014-11-07,103.562462,45.059204
2014-11-10,103.39145699999999,45.253582
2014-11-11,104.217972,45.235065000000006
2014-11-12,105.69052099999999,45.151764
2014-11-13,107.182076,45.920025
2014-11-14,108.474121,45.892262
2014-11-17,108.293594,45.781189000000005
2014-11-18,109.69963100000001,45.399288
2014-11-19,108.93962900000001,44.914928
2014-11-20,110.49766499999998,45.362034
2014-11-21,110.649666,44.69138
2014-11-24,112.70172099999999,44.328106
2014-11-25,111.72318999999999,44.216328000000004
2014-11-26,113.053238,44.477142
2014-11-28,112.986725,44.533028
2014-12-01,109.31961100000001,45.28751
2014-12-02,108.901619,45.138477
2014-12-03,110.13665800000001,44.784527000000004
2014-12-04,109.718643,45.492428000000004
2014-12-05,109.253128,45.101219
2014-12-08,106.78305800000001,44.430572999999995
2014-12-09,108.417107,44.328106
2014-12-10,106.35553700000001,43.685402
2014-12-11,106.042046,43.936896999999995
2014-12-12,104.24649000000001,43.731968
2014-12-15,102.821449,43.471160999999995
2014-12-16,101.415398,42.064671000000004
2014-12-17,103.942474,42.604912
2014-12-18,107.02056100000001,44.262901
2014-12-19,106.19403100000001,44.393311
2014-12-22,107.296066,44.69138
2014-12-23,106.916069,45.129169
2014-12-24,106.412552,44.840408000000004
2014-12-26,108.293594,44.598236
2014-12-29,108.217598,44.197708
2014-12-30,106.89704099999999,43.79718
2014-12-31,104.863991,43.266247
2015-01-02,103.86646999999999,43.555
2015-01-05,100.940392,43.154472
2015-01-06,100.94989,42.521076
2015-01-07,102.36544,43.061325
2015-01-08,106.29853100000001,44.328106
2015-01-09,106.412552,43.955528
2015-01-12,103.790474,43.40596
2015-01-13,104.711998,43.182419
2015-01-14,104.312988,42.80983
2015-01-15,101.481903,42.362728000000004
2015-01-16,100.693382,43.070637
2015-01-20,103.286957,43.210358
2015-01-21,104.075485,42.772564
2015-01-22,106.78305800000001,43.899639
2015-01-23,107.334084,43.946213
2015-01-26,107.448074,43.787861
2015-01-27,103.68596600000001,39.736022999999996
2015-01-28,109.54763799999999,38.366768
2015-01-29,112.958244,39.130565999999995
2015-01-30,111.30518300000001,37.63092
2015-02-02,112.70172099999999,38.450603
2015-02-03,112.72071799999999,38.748669
2015-02-04,113.58525800000001,38.972233
2015-02-05,114.39596599999999,39.540409000000004
2015-02-06,113.43263999999999,39.503155
2015-02-09,114.186127,39.456585
2015-02-10,116.379814,39.680126
2015-02-11,119.10761299999999,39.475208
2015-02-12,120.614594,40.136551000000004
2015-02-13,121.205933,40.863087
2015-02-17,121.921249,40.881844
2015-02-18,122.77013400000001,40.834942
2015-02-19,122.512596,40.806796999999996
2015-02-20,123.51408400000001,41.144508
2015-02-23,126.85228000000001,41.416557
2015-02-24,126.060654,41.360271000000004
2015-02-25,122.836899,41.266464
2015-02-26,124.39154099999999,41.33213
2015-02-27,122.52215600000001,41.135124
2015-03-02,123.12301599999999,41.163273
2015-03-03,123.38053899999998,40.600418
2015-03-04,122.59843400000001,40.394042999999996
2015-03-05,120.56691000000001,40.440945
2015-03-06,120.748108,39.737381
2015-03-09,121.263153,40.197037
2015-03-10,118.754723,39.427807
2015-03-11,116.589638,39.380897999999995
2015-03-12,118.697479,38.480343
2015-03-13,117.87724299999999,38.81805
2015-03-16,119.174377,38.986903999999996
2015-03-17,121.16776999999999,39.11824
2015-03-18,122.531677,39.86871
2015-03-19,121.606522,39.671715
2015-03-20,120.080482,40.225189
2015-03-23,121.32991799999999,40.206421
2015-03-24,120.83396100000002,40.24395
2015-03-25,117.67696399999998,38.893097
2015-03-26,118.497215,38.658577
2015-03-27,117.552971,38.433437
2015-03-30,120.528755,38.424053
2015-03-31,118.67841299999999,38.142635
2015-04-01,118.506744,38.198917
2015-04-02,119.52728300000001,37.795536
2015-04-06,121.46343999999999,38.977528
2015-04-07,120.185402,38.958767
2015-04-08,119.79434199999999,38.855576
2015-04-09,120.709961,38.911869
2015-04-10,121.22500600000001,39.137005
2015-04-13,120.98656499999998,39.174526
2015-04-14,120.46198999999999,39.071331
2015-04-15,120.91979199999999,39.643566
2015-04-16,120.33798999999999,39.549763
2015-04-17,118.983627,39.043194
2015-04-20,121.701889,40.253326
2015-04-21,121.0438,40.000038
2015-04-22,122.674751,40.328373
2015-04-23,123.676208,40.656704
2015-04-24,124.25799599999999,44.906242
2015-04-27,126.518456,45.056332
2015-04-28,124.52507800000001,46.116375
2015-04-29,122.693825,46.022568
2015-04-30,119.36513500000001,45.628563
2015-05-01,122.98948700000001,45.647331
2015-05-04,122.751053,45.253326
2015-05-05,119.985092,44.652954
2015-05-06,119.231606,43.414684
2015-05-07,119.969086,43.808681
2015-05-08,122.229424,44.793667
2015-05-11,120.984306,44.437195
2015-05-12,120.553329,44.418427
2015-05-13,120.68741599999998,44.681098999999996
2015-05-14,123.503227,45.703613
2015-05-15,123.33083300000001,45.309616
2015-05-18,124.69086499999999,45.037566999999996
2015-05-19,124.57591200000002,44.924271000000005
2015-05-20,124.56633799999999,44.924271000000005
2015-05-21,125.84016399999999,44.773201
2015-05-22,126.941574,44.282227
2015-05-26,124.14492,43.989521
2015-05-27,126.462708,44.952595
2015-05-28,126.213676,44.801528999999995
2015-05-29,124.777046,44.244453
2015-06-01,125.02606200000001,44.593803
2015-06-02,124.47058100000001,44.301109000000004
2015-06-03,124.623802,44.235012
2015-06-04,123.89591200000001,43.772362
2015-06-05,123.21590400000001,43.564648
2015-06-08,122.401802,43.177528
2015-06-09,122.037849,43.101997
2015-06-10,123.43618799999999,44.008410999999995
2015-06-11,123.15841699999999,43.847896999999996
2015-06-12,121.79841599999999,43.404137
2015-06-15,121.558975,42.941483000000005
2015-06-16,122.210251,43.271946
2015-06-17,121.92291999999999,43.404137
2015-06-18,122.47840900000001,44.112274
2015-06-19,121.25248700000002,43.526875
2015-06-22,122.219826,43.64962
2015-06-23,121.664322,43.347481
2015-06-24,122.69870800000001,43.092552000000005
2015-06-25,122.114471,43.101997
2015-06-26,121.396149,42.733753
2015-06-29,119.26991299999999,41.893436
2015-06-30,120.131905,41.685722
2015-07-01,121.25248700000002,41.968971
2015-07-02,121.099236,41.921768
2015-07-06,120.677834,41.912315
2015-07-07,120.380928,41.827346999999996
2015-07-08,117.392715,41.770699
2015-07-09,114.998314,42.035069
2015-07-10,118.072723,42.120036999999996
2015-07-13,120.35219599999999,42.998135
2015-07-14,120.304298,43.073662
2015-07-15,121.463196,43.205849
2015-07-16,123.081818,44.055618
2015-07-17,124.14492,44.017853
2015-07-20,126.49146299999998,44.301109000000004
2015-07-21,125.22718799999998,44.641014
2015-07-22,119.930779,42.998135
2015-07-23,119.873306,43.53632
2015-07-24,119.241196,43.375801
2015-07-27,117.584259,42.818733
2015-07-28,118.168503,42.809303
2015-07-29,117.794968,43.706272
2015-07-30,117.20116399999999,44.26334
2015-07-31,116.176353,44.093388
2015-08-03,113.43715700000001,44.19725
2015-08-04,109.79766799999999,44.886497
2015-08-05,110.525574,44.924271000000005
2015-08-06,110.76608999999999,44.017853
2015-08-07,111.141319,44.131153000000005
2015-08-10,115.18211399999998,44.688225
2015-08-11,109.188248,43.819569
2015-08-12,110.871918,44.131153000000005
2015-08-13,110.785339,44.121716
2015-08-14,111.56462900000001,44.37664
2015-08-17,112.71916200000001,44.678779999999996
2015-08-18,112.084152,44.925888
2015-08-19,110.65064199999999,44.298618
2015-08-20,108.380096,43.395733
2015-08-21,101.75125899999999,40.934166
2015-08-24,99.211334,39.613098
2015-08-25,99.807816,38.463104
2015-08-26,105.53229499999999,40.592014
2015-08-27,108.63986200000001,41.723003000000006
2015-08-28,108.995834,41.751518
2015-08-31,108.48593100000001,41.361858000000005
2015-09-01,103.636963,39.746147
2015-09-02,108.081833,41.209785
2015-09-03,106.186516,41.342838
2015-09-04,105.128212,40.496978999999996
2015-09-08,108.05297900000001,41.713501
2015-09-09,105.97485400000001,40.934166
2015-09-10,108.30311599999999,41.143253
2015-09-11,109.880959,41.32383
2015-09-14,110.93926200000001,40.905654999999996
2015-09-15,111.872498,41.799038
2015-09-16,111.99758100000001,42.103172
2015-09-17,109.601952,42.055649
2015-09-18,109.149773,41.32383
2015-09-21,110.843056,41.922592
2015-09-22,109.101662,41.723003000000006
2015-09-23,109.986801,41.694489000000004
2015-09-24,110.64102199999999,41.73251
2015-09-25,110.36201499999999,41.761021
2015-09-28,108.17806200000001,41.143253
2015-09-29,104.92617800000001,41.285816
2015-09-30,106.119179,42.065155
2015-10-01,105.42646,42.397797
2015-10-02,106.19613600000001,43.310192
2015-10-05,106.580978,44.317627
2015-10-06,107.09088100000001,44.431675
2015-10-07,106.580978,44.479198
2015-10-08,105.34949499999999,45.096962
2015-10-09,107.87017800000001,44.773827000000004
2015-10-12,107.36988799999999,44.669281
2015-10-13,107.552696,44.564732
2015-10-14,106.032578,44.365142999999996
2015-10-15,107.620049,44.678779999999996
2015-10-16,106.831116,45.153984
2015-10-19,107.494957,45.25853
2015-10-20,109.45763400000001,45.401089
2015-10-21,109.448021,44.859359999999995
2015-10-22,111.122078,45.648201
2015-10-23,114.566376,50.248184
2015-10-26,110.910416,51.55975
2015-10-27,110.208076,51.027522999999995
2015-10-28,114.74916100000002,51.303135
2015-10-29,115.96141100000001,50.71389
2015-10-30,114.970459,50.029590999999996
2015-11-02,116.58676899999999,50.599834
2015-11-03,117.924095,51.46471
2015-11-04,117.375694,51.702312
2015-11-05,116.834602,51.683304
2015-11-06,116.969872,52.196521999999995
2015-11-09,116.496429,51.474209
2015-11-10,112.82481399999999,50.856441
2015-11-11,112.187119,50.989502
2015-11-12,111.810295,50.675869
2015-11-13,108.54447900000001,50.219673
2015-11-16,110.322327,51.103553999999995
2015-11-17,109.84888500000001,50.682556
2015-11-18,113.327248,51.524551
2015-11-19,114.76691399999999,51.610664
2015-11-20,115.269348,51.849869
2015-11-23,113.77170600000001,51.849869
2015-11-24,114.863525,51.907284000000004
2015-11-25,114.042252,51.37146
2015-11-27,113.82968100000001,51.601093
2015-11-30,114.303123,52.002959999999995
2015-12-01,113.375557,52.835395999999996
2015-12-02,112.351372,52.825821
2015-12-03,111.30786100000002,51.85944
2015-12-04,115.00846100000001,53.495594
2015-12-07,114.283798,53.399914
2015-12-08,114.23548899999999,53.380775
2015-12-09,111.713676,52.605755
2015-12-10,112.24508700000001,52.883236
2015-12-11,109.356125,51.725483000000004
2015-12-14,108.679771,52.758842
2015-12-15,106.75698899999999,52.81625699999999
2015-12-16,107.57826999999999,53.706093
2015-12-17,105.298019,53.29466600000001
2015-12-18,102.44767,51.792465
2015-12-21,103.703766,52.462233999999995
2015-12-22,103.607155,52.959778
2015-12-23,104.940506,53.409485
2015-12-24,104.380112,53.265953
2015-12-28,103.210999,53.533871
2015-12-29,105.066116,54.10795600000001
2015-12-30,103.69410699999999,53.878322999999995
2015-12-31,101.70369699999999,53.084164
2016-01-04,101.790649,52.433533
2016-01-05,99.23984499999999,52.672737
2016-01-06,97.29776,51.715916
2016-01-07,93.191338,49.917099
2016-01-08,93.68412,50.070198
2016-01-11,95.201073,50.041489
2016-01-12,96.582756,50.500759
2016-01-13,94.099594,49.409988
2016-01-14,96.157608,50.816513
2016-01-15,93.848373,48.788059000000004
2016-01-19,93.394257,48.376629
2016-01-20,93.519867,48.596699
2016-01-21,93.046417,48.300083
2016-01-22,97.99342299999999,50.031921000000004
2016-01-25,96.080322,49.553509000000005
2016-01-26,96.61174,49.917099
2016-01-27,90.263725,49.008129
2016-01-28,90.911087,49.811855
2016-01-29,94.05127,52.711006000000005
2016-02-01,93.172028,52.347412
2016-02-02,91.28791,50.711258
2016-02-03,93.094734,49.907536
2016-02-04,93.842743,49.754448
2016-02-05,91.336388,47.993904
2016-02-08,92.29813399999999,47.276286999999996
2016-02-09,92.27869399999999,47.151901
2016-02-10,91.579254,47.563332
2016-02-11,91.02552800000001,47.544201
2016-02-12,91.30725100000001,48.319218
2016-02-16,93.88160699999999,49.234718
2016-02-17,95.31935899999999,50.516418
2016-02-18,93.51245899999999,50.294781
2016-02-19,93.298737,49.938213
2016-02-22,94.114754,50.738071000000005
2016-02-23,91.987267,49.321453000000005
2016-02-24,93.35701800000001,49.494919
2016-02-25,93.998184,50.208042
2016-02-26,94.143906,49.437096000000004
2016-02-29,93.930183,49.032348999999996
2016-03-01,97.660561,50.670615999999995
2016-03-02,97.874298,51.027176000000004
2016-03-03,98.602882,50.448966999999996
2016-03-04,100.069786,50.140583
2016-03-07,98.96231800000001,49.176895
2016-03-08,98.146294,49.774390999999994
2016-03-09,98.233734,50.921169
2016-03-10,98.28229499999999,50.159859000000004
2016-03-11,99.341187,51.142818
2016-03-14,99.593773,51.239185
2016-03-15,101.594978,51.643936
2016-03-16,102.945305,52.376339
2016-03-17,102.78014399999999,52.675079000000004
2016-03-18,102.89672900000001,51.547573
2016-03-21,102.88700899999999,51.904137
2016-03-22,103.67388199999999,52.106506
2016-03-23,103.10073100000001,52.010139
2016-03-24,102.65385400000001,52.241425
2016-03-28,102.187561,51.595753
2016-03-29,104.606491,52.723263
2016-03-30,106.43283100000001,53.05091899999999
2016-03-31,105.879097,53.224377000000004
2016-04-01,106.850548,53.552036
2016-04-04,107.94830300000001,53.417118
2016-04-05,106.67568200000001,52.578712
2016-04-06,107.79287,53.11837
2016-04-07,105.441956,52.482342
2016-04-08,105.558517,52.443787
2016-04-11,105.90823400000001,52.337795
2016-04-12,107.28771200000001,52.665443
2016-04-13,108.842041,53.340027
2016-04-14,108.900322,53.349663
2016-04-15,106.714546,53.629135
2016-04-18,104.412193,54.409718000000005
2016-04-19,103.858475,54.342257999999994
2016-04-20,104.072182,53.571312
2016-04-21,102.945305,53.754406
2016-04-22,102.663574,49.899665999999996
2016-04-25,102.080704,50.217686
2016-04-26,101.37152900000001,49.572006
2016-04-27,95.02793100000001,49.090164
2016-04-28,92.12326800000001,48.087933
2016-04-29,91.064392,48.059025
2016-05-02,90.967239,48.772156
2016-05-03,92.46328000000001,47.972294
2016-05-04,91.501541,48.059025
2016-05-05,91.130135,48.12648
2016-05-06,90.621895,48.560143
2016-05-09,90.690315,48.251762
2016-05-10,91.306053,49.167263
2016-05-11,90.416656,49.196171
2016-05-12,88.295753,49.639469
2016-05-13,88.47168,49.22509
2016-05-16,91.75565300000001,49.947849
2016-05-17,91.37447399999999,49.016239
2016-05-18,92.420265,49.307365000000004
2016-05-19,92.068405,48.83186
2016-05-20,93.065338,49.122993
2016-05-23,94.24794,48.550438
2016-05-24,95.684692,50.064304
2016-05-25,97.36576099999999,50.578625
2016-05-26,98.137901,50.355422999999995
2016-05-27,98.079239,50.772713
2016-05-31,97.600334,51.432602
2016-06-01,96.232025,51.287037
2016-06-02,95.508759,50.927979
2016-06-03,95.704224,50.258389
2016-06-06,96.398163,50.588333
2016-06-07,96.789108,50.559216
2016-06-08,96.701157,50.500992
2016-06-09,97.395081,50.09341
2016-06-10,96.593636,49.957553999999995
2016-06-13,95.137352,48.657181
2016-06-14,95.254646,48.35635
2016-06-15,94.941887,48.220490000000005
2016-06-16,95.342613,48.899788
2016-06-17,93.172836,48.64748
2016-06-20,92.948044,48.589252
2016-06-21,93.739723,49.676128000000006
2016-06-22,93.38787099999999,49.482048
2016-06-23,93.925415,50.374836
2016-06-24,91.286514,48.35635
2016-06-27,89.957291,46.997757
2016-06-28,91.47221400000001,47.977886
2016-06-29,92.263885,49.045349
2016-06-30,93.436729,49.656723
2016-07-01,93.720169,49.647018
2016-07-05,92.840523,49.656723
2016-07-06,93.368317,49.860512
2016-07-07,93.76904300000001,49.860512
2016-07-08,94.492294,50.753307
2016-07-11,94.7855,51.034729
2016-07-12,95.215546,51.636390999999996
2016-07-13,94.678001,51.927517
2016-07-14,96.554558,52.150719
2016-07-15,96.544777,52.1119
2016-07-18,97.571014,52.364212
2016-07-19,97.610107,51.519943
2016-07-20,97.698074,54.25654599999999
2016-07-21,97.18006899999999,54.149795999999995
2016-07-22,96.42749,54.897022
2016-07-25,95.137352,55.052292
2016-07-26,94.48252099999999,55.08140600000001
2016-07-27,100.62041500000001,54.528259
2016-07-28,101.978951,54.547668
2016-07-29,101.85189799999999,55.003772999999995
2016-08-01,103.650261,54.906734
2016-08-02,102.115791,54.906734
2016-08-03,103.396149,55.285198
2016-08-04,104.034889,55.692776
2016-08-05,105.61696599999999,56.245914
2016-08-08,106.491547,56.34296
2016-08-09,106.92392,56.478825
2016-08-10,106.12796000000002,56.304142000000006
2016-08-11,106.059174,56.575858999999994
2016-08-12,106.30483999999998,56.226505
2016-08-15,107.582306,56.401180000000004
2016-08-16,107.48403200000001,56.088710999999996
2016-08-17,107.32682,56.205887
2016-08-18,107.189247,56.244946
2016-08-19,107.464386,56.264477
2016-08-22,106.62912,56.313301
2016-08-23,106.963219,56.528126
2016-08-24,106.15744,56.586712
2016-08-25,105.70541399999999,56.801536999999996
2016-08-26,105.08633400000001,56.664832999999994
2016-08-29,104.968414,56.733185
2016-08-30,104.162621,56.528126
2016-08-31,104.260887,56.108238
2016-09-01,104.87998200000001,56.23518000000001
2016-09-02,105.862648,56.313301
2016-09-06,105.833153,56.254715000000004
2016-09-07,106.48172,56.303535
2016-09-08,103.690956,56.078945
2016-09-09,101.34236899999999,54.887646
2016-09-12,103.612335,55.707886
2016-09-13,106.078827,55.200118999999994
2016-09-14,109.832603,54.93646999999999
2016-09-15,113.56674199999999,55.844593
2016-09-16,112.928009,55.903187
2016-09-19,111.61123700000002,55.590709999999994
2016-09-20,111.60141000000002,55.473537
2016-09-21,111.58175700000001,56.401176
2016-09-22,112.63321699999999,56.45976999999999
2016-09-23,110.756317,56.078945
2016-09-26,110.923363,55.561417000000006
2016-09-27,111.129723,56.586712
2016-09-28,111.974823,56.664832999999994
2016-09-29,110.235504,56.049652
2016-09-30,111.09043100000001,56.244946
2016-10-03,110.569603,56.069182999999995
2016-10-04,111.04128999999999,55.893414
2016-10-05,111.09043100000001,56.28400799999999
2016-10-06,111.91586299999999,56.38166
2016-10-07,112.082916,56.440243
2016-10-10,114.03842900000001,56.674595
2016-10-11,114.28408799999998,55.844593
2016-10-12,115.30606100000001,55.766476000000004
2016-10-13,114.952301,55.580940000000005
2016-10-14,115.59103400000001,56.069182999999995
2016-10-17,115.512428,55.87389
2016-10-18,115.433815,56.303535
2016-10-19,115.089874,56.176593999999994
2016-10-20,115.030914,55.903187
2016-10-21,114.57888,58.256485
2016-10-24,115.61068,59.564964
2016-10-25,116.200294,59.555199
2016-10-26,113.586395,59.203667
2016-10-27,112.495644,58.686133999999996
2016-10-28,111.74881699999999,58.461548
2016-10-31,111.57193000000001,58.510365
2016-11-01,109.557465,58.393192000000006
2016-11-02,109.655731,58.031898
2016-11-03,108.480354,57.817069999999994
2016-11-04,107.502518,57.328835
2016-11-07,109.053238,58.998608
2016-11-08,109.69523600000001,59.047428000000004
2016-11-09,109.51745600000001,58.754486
2016-11-10,106.465424,57.31906899999999
2016-11-11,107.09755700000001,57.631542
2016-11-14,104.41098000000001,56.752712
2016-11-15,105.793777,57.873413
2016-11-16,108.63838200000001,58.640213
2016-11-17,108.598877,59.613453
2016-11-18,108.707527,59.328362
2016-11-21,110.35701,59.829727
2016-11-22,110.426147,60.085322999999995
2016-11-23,109.86315900000001,59.377514
2016-11-25,110.416275,59.505309999999994
2016-11-28,110.198975,59.583957999999996
2016-11-29,110.090332,60.055836
2016-11-30,109.16188000000001,59.239883
2016-12-01,108.144531,58.197826
2016-12-02,108.5495,58.246979
2016-12-05,107.769203,59.200565000000005
2016-12-06,108.598877,58.935134999999995
2016-12-07,109.665604,60.331097
2016-12-08,110.742218,59.977183999999994
2016-12-09,112.549728,60.92094
2016-12-12,111.90772199999999,61.11755
2016-12-13,113.77448999999999,61.913837
2016-12-14,113.77448999999999,61.618916000000006
2016-12-15,114.396751,61.520610999999995
2016-12-16,114.54490700000001,61.24535
2016-12-19,115.206673,62.543003000000006
2016-12-20,115.512863,62.464358999999995
2016-12-21,115.621513,62.464358999999995
2016-12-22,114.860977,62.474185999999996
2016-12-23,115.08814199999999,62.169441000000006
2016-12-27,115.81905400000001,62.208755000000004
2016-12-28,115.325203,61.923668000000006
2016-12-29,115.29557,61.835196999999994
2016-12-30,114.396751,61.088055000000004
2017-01-03,114.72269399999999,61.520610999999995
2017-01-04,114.594292,61.24535
2017-01-05,115.17703999999999,61.24535
2017-01-06,116.461075,61.77620699999999
2017-01-09,117.527794,61.57959399999999
2017-01-10,117.646317,61.559932999999994
2017-01-11,118.278458,62.120284999999996
2017-01-12,117.784599,61.550102
2017-01-13,117.577179,61.638580000000005
2017-01-17,118.525383,61.471455000000006
2017-01-18,118.51550300000001,61.441967000000005
2017-01-19,118.30808300000001,61.24535
2017-01-20,118.525383,61.677898
2017-01-23,118.604401,61.894176
2017-01-24,118.49575800000001,62.444697999999995
2017-01-25,120.382278,62.601986
2017-01-26,120.441551,63.18199499999999
2017-01-27,120.451416,64.66643499999999
2017-01-30,120.135345,64.027435
2017-01-31,119.858795,63.55556899999999
2017-02-01,127.167854,62.50368100000001
2017-02-02,126.950554,62.10061999999999
2017-02-03,127.49380500000001,62.601986
2017-02-06,128.68893400000002,62.562668
2017-02-07,129.913696,62.35621999999999
2017-02-08,130.417435,62.267745999999995
2017-02-09,131.359818,62.975552
2017-02-10,131.062225,62.916568999999996
2017-02-13,132.222839,63.624386
2017-02-14,133.93901100000002,63.861748
2017-02-15,134.425079,63.822189
2017-02-16,134.266357,63.812298
2017-02-17,134.633408,63.911205
2017-02-21,135.60556,63.782627000000005
2017-02-22,136.012268,63.654053000000005
2017-02-23,135.43692,63.911205
2017-02-24,135.565887,63.911205
2017-02-27,135.83371,63.525482
2017-02-28,135.89325,63.278220999999995
2017-03-01,138.670807,64.227699
2017-03-02,137.847473,63.307896
2017-03-03,138.660889,63.545258
2017-03-06,138.224426,63.565041
2017-03-07,138.402985,63.693615
2017-03-08,137.887146,64.277138
2017-03-09,137.56968700000002,64.020004
2017-03-10,138.026016,64.217804
2017-03-13,138.08554099999998,64.000214
2017-03-14,137.877228,63.703509999999994
2017-03-15,139.335464,64.03978000000001
2017-03-16,139.563614,63.930983999999995
2017-03-17,138.869217,64.158463
2017-03-20,140.32745400000002,64.217804
2017-03-21,138.72041299999998,63.505699
2017-03-22,140.287766,64.316704
2017-03-23,139.79176299999997,64.158463
2017-03-24,139.51400800000002,64.267258
2017-03-27,139.752106,64.385933
2017-03-28,142.64871200000002,64.573853
2017-03-29,142.966141,64.75188399999999
2017-03-30,142.777664,64.98925
2017-03-31,142.509842,65.13760400000001
2017-04-03,142.54951499999999,64.831001
2017-04-04,143.610962,65.009033
2017-04-05,142.866959,64.840889
2017-04-06,142.509842,65.009033
2017-04-07,142.192398,64.959579
2017-04-10,142.02375800000002,64.81121800000001
2017-04-11,140.496094,64.761772
2017-04-12,140.664734,64.514511
2017-04-13,139.92073100000002,64.237579
2017-04-17,140.69448899999998,64.761772
2017-04-18,140.06951899999999,64.67276
2017-04-19,139.553696,64.326599
2017-04-20,141.299591,64.781548
2017-04-21,141.130966,65.671677
2017-04-24,142.48998999999998,66.789284
2017-04-25,143.372864,67.175003
2017-04-26,142.529663,67.085999
2017-04-27,142.638794,67.521164
2017-04-28,142.499893,67.709076
2017-05-01,145.406448,68.648666
2017-05-02,146.32901,68.53987099999999
2017-05-03,145.882614,68.322281
2017-05-04,145.35685700000002,68.05524399999999
2017-05-05,147.76741,68.243156
2017-05-08,151.784973,68.183823
2017-05-09,152.757141,68.28272199999999
2017-05-10,152.032974,68.549751
2017-05-11,153.347809,67.709076
2017-05-12,155.48941000000002,67.629959
2017-05-15,155.090958,67.679413
2017-05-16,154.861862,69.04216
2017-05-17,149.662277,67.122383
2017-05-18,151.943314,67.351158
2017-05-19,152.461288,67.33126800000001
2017-05-22,153.38765,68.087234
2017-05-23,153.198395,68.316025
2017-05-24,152.740189,68.40554
2017-05-25,153.268112,69.25104499999999
2017-05-26,153.00914,69.589233
2017-05-30,153.068893,70.036858
2017-05-31,152.16246,69.469872
2017-06-01,152.580811,69.728493
2017-06-02,154.841934,71.3797
2017-06-05,153.32788100000002,71.89694200000001
2017-06-06,153.845856,72.135666
2017-06-07,154.76225300000002,72.00636300000001
2017-06-08,154.38374299999998,71.568687
2017-06-09,148.397247,69.947327
2017-06-12,144.85116599999998,69.41019399999999
2017-06-13,146.01658600000002,70.275581
2017-06-14,144.592194,69.897591
2017-06-15,143.72558600000002,69.529556
2017-06-16,141.713501,69.629028
2017-06-19,145.76757800000001,70.494415
2017-06-20,144.44276399999998,69.539505
2017-06-21,145.299408,69.897591
2017-06-22,145.060364,69.88765
2017-06-23,145.707809,70.832611
2017-06-26,145.249619,70.156219
2017-06-27,143.167786,68.84320799999999
2017-06-28,145.259567,69.430092
2017-06-29,143.117966,68.12702900000001
2017-06-30,143.45665,68.564697
2017-07-03,142.93868999999998,67.808723
2017-07-05,143.526367,68.71390500000001
2017-07-06,142.17169199999998,68.206604
2017-07-07,143.61601299999998,69.091888
2017-07-10,144.49258400000002,69.609138
2017-07-11,144.960739,69.61908000000001
2017-07-12,145.16992199999999,70.77293399999999
2017-07-13,147.191986,71.389641
2017-07-14,148.457001,72.394295
2017-07-17,148.974976,72.96127299999999
2017-07-18,149.49295,72.911537
2017-07-19,150.429276,73.46856700000001
2017-07-20,149.751923,73.82666
2017-07-21,149.682205,73.39894100000001
2017-07-24,151.495071,73.209946
2017-07-25,152.142548,73.79682199999999
2017-07-26,152.859726,73.657562
2017-07-27,149.971069,72.772285
2017-07-28,148.915207,72.652916
2017-07-31,148.148224,72.314713
2017-08-01,149.46305800000002,72.195358
2017-08-02,156.52533,71.877052
2017-08-03,154.961472,71.76763199999999
2017-08-04,155.77825900000002,72.294823
2017-08-07,158.188797,72.016312
2017-08-08,159.453827,72.40424300000001
2017-08-09,160.429993,72.085938
2017-08-10,155.320007,71.03155500000001
2017-08-11,157.479996,72.115776
2017-08-14,159.850006,73.199997
2017-08-15,161.600006,73.220001
2017-08-16,160.949997,73.650002
