AT,V,AP,RH
17.8,43.72,1008.71,78.5
29.6,71.14,1011.46,52.69
11.06,36.71,1021.67,80.44
30.06,67.25,1017.63,53.59
19.88,47.03,1012.27,91.99
7.77,40.27,1010.25,83.65
15.09,44.34,1019.46,60.49
16.53,46.18,1010.2,95.42
10.33,40.6,1015.0,88.62
14.33,45.51,1015.42,71.55
18.85,67.32,1012.91,82.37
20.07,42.23,1012.86,74.11
26.45,75.6,1017.42,74.5
20.5,49.69,1009.6,70.81
15.84,49.69,1015.14,90.41
8.22,41.82,1032.77,71.63
27.44,47.93,1002.71,59.44
8.38,39.22,1015.03,75.14
19.6,60.95,1015.4,84.26
9.86,37.83,1005.05,100.15
30.65,65.18,1012.51,42.32
25.88,61.47,1007.93,68.71
12.43,40.27,1007.08,61.56
15.03,42.44,1014.25,94.52
12.78,41.04,1025.16,85.14
14.38,40.73,1017.48,90.64
22.63,45.61,1014.14,73.06
23.36,74.93,1016.57,71.91
25.08,51.43,1011.8,71.98
23.14,60.27,1018.51,80.54
25.65,49.3,1003.73,68.48
12.74,41.5,1012.94,86.28
13.42,38.91,1012.81,73.82
22.21,60.77,1018.21,84.96
13.18,40.03,1017.75,82.29
23.63,58.62,1016.45,69.97
9.38,40.46,1019.29,75.77
26.8,72.58,1009.22,89.03
23.94,59.39,1014.32,74.55
11.12,44.92,1025.58,93.52
32.21,68.14,1003.34,62.44
26.51,70.32,1010.3,57.4
26.04,71.14,1011.66,68.95
21.64,44.05,1007.73,74.79
10.27,41.44,1017.04,77.09
14.8,38.73,1003.18,80.73
15.3,41.76,1022.57,71.56
16.85,42.24,1017.43,66.01
16.25,58.86,1015.94,86.52
16.91,43.96,1013.32,79.87
20.9,67.71,1007.16,59.02
18.34,44.63,1000.76,89.27
8.29,36.08,1020.38,81.53
20.72,68.61,1011.25,87.1
23.32,69.23,1011.75,75.59
10.05,41.17,1018.98,83.71
35.1,68.27,1006.96,43.51
27.08,66.05,1017.33,54.68
22.4,70.94,1008.06,84.52
8.11,42.18,1014.82,93.09
9.35,44.03,1011.02,88.11
24.6,57.32,1012.48,45.14
24.6,75.23,1012.04,76.77
6.93,40.67,1020.17,71.16
27.35,77.95,1012.14,74.14
29.28,65.71,1013.76,48.05
10.04,39.66,1015.84,82.31
17.14,58.16,1018.59,77.22
24.2,64.33,1011.15,84.23
10.65,41.78,1013.66,70.04
23.82,60.32,1016.61,75.29
24.92,63.94,1017.7,44.92
16.02,39.54,1007.73,72.81
15.01,43.56,1014.65,61.82
7.77,35.77,1016.53,73.79
28.46,49.16,1004.61,38.1
27.86,61.5,1009.23,46.19
15.5,39.16,1016.24,78.13
11.33,41.5,1013.58,88.7
14.45,43.71,1025.26,84.23
25.6,66.48,1006.16,69.34
17.69,44.34,1019.31,61.12
20.94,49.02,1008.91,87.32
31.13,67.45,1015.02,41.34
11.47,25.36,1008.27,95.4
16.63,39.16,1005.85,72.02
6.1,40.07,1020.21,67.24
26.02,70.79,1004.21,79.12
10.6,41.17,1018.38,87.92
10.57,41.55,1003.62,67.89
17.21,52.9,1019.91,77.31
19.15,59.21,1018.41,88.9
22.5,70.94,1008.04,82.39
6.33,42.07,1004.25,77.1
23.87,50.39,1012.96,76.05
23.92,61.87,1009.63,54.16
10.59,41.46,1016.87,85.7
24.34,73.5,1011.31,84.15
7.19,41.39,1018.12,90.76
22.19,60.37,1008.45,92.43
26.51,50.05,1006.75,65.34
29.23,68.14,1004.31,81.46
22.8,69.23,1011.8,76.95
31.46,70.79,1003.54,59.51
31.44,72.86,1003.74,61.45
26.48,66.54,1011.61,51.9
14.29,37.85,1009.98,92.81
24.41,56.9,1006.58,77.94
23.22,59.15,1014.58,75.18
14.43,38.28,1014.76,79.76
13.86,40.66,1017.15,83.82
10.2,41.46,1020.23,84.54
8.62,42.49,1009.06,86.93
5.52,39.33,1009.74,95.25
30.51,60.75,1009.86,51.0
12.25,44.85,1014.13,85.25
8.55,36.25,1029.54,85.23
26.02,71.94,1009.38,64.12
17.2,40.55,1000.68,72.67
13.66,41.67,1013.43,80.56
30.74,73.67,1005.79,57.89
9.51,40.81,1015.69,82.52
19.54,50.66,1014.7,84.53
32.78,71.22,1005.12,48.77
18.95,42.23,1013.01,79.4
18.27,65.94,1013.09,84.72
23.25,69.45,1013.85,70.14
25.96,63.77,1013.24,65.43
10.71,41.93,1018.23,90.88
7.39,39.85,1011.63,83.61
23.23,64.69,1008.12,76.6
26.17,48.6,1002.59,61.41
24.48,64.45,1014.69,51.43
21.0,66.86,1013.06,59.7
14.85,38.91,1014.48,60.98
8.01,40.46,1019.42,76.15
11.8,43.22,1008.57,78.01
11.48,42.02,1000.29,94.76
13.82,44.84,1023.72,95.24
9.39,40.11,1029.14,77.29
13.83,38.73,999.62,91.95
21.0,70.02,1010.22,95.11
12.28,42.34,1019.19,95.8
19.2,54.2,1011.46,84.44
18.9,60.07,1016.02,71.38
12.57,41.66,1009.11,70.74
23.91,50.23,1017.25,68.57
6.5,41.14,1028.15,86.78
13.71,45.08,1023.35,82.93
28.01,44.89,1008.98,48.52
29.82,69.75,1010.09,65.02
24.74,63.87,1016.91,55.65
15.6,44.68,1018.35,85.91
25.04,70.47,1006.82,84.75
12.41,37.92,1008.09,65.23
25.69,59.07,1006.89,82.34
14.54,42.99,1009.27,90.88
23.03,65.12,1016.29,69.8
29.42,69.14,1007.32,75.04
21.94,57.5,1014.64,78.52
31.07,70.32,1011.74,65.91
23.32,69.13,1010.75,91.84
19.62,62.96,1020.76,76.53
27.41,63.07,1011.5,55.3
29.5,71.14,1011.27,52.81
17.89,44.78,1010.03,53.78
26.77,68.08,1010.83,63.48
7.61,44.71,1019.41,70.48
10.48,40.22,1004.81,92.16
14.64,44.92,1025.54,91.12
8.52,38.5,1013.16,64.06
9.26,39.61,1021.18,84.58
23.21,62.44,1011.78,76.66
30.55,71.06,1009.33,73.38
18.56,42.18,1001.46,99.59
14.82,40.0,1016.32,66.3
28.31,71.85,1009.0,77.56
16.39,41.67,1012.96,61.07
11.23,41.17,1019.36,56.85
29.35,68.51,1007.63,70.67
12.59,44.34,1017.01,85.57
20.98,60.07,1016.26,67.18
22.29,43.79,1015.68,41.75
11.58,41.74,1020.41,74.09
13.87,38.01,1022.61,84.22
14.72,40.83,1009.65,80.98
26.43,66.48,1004.36,55.9
28.52,70.72,1009.64,66.76
3.21,38.44,1016.9,86.34
23.48,66.49,1014.41,62.61
5.37,40.07,1012.75,63.58
15.67,38.62,1015.76,66.29
17.12,58.95,1016.74,90.41
9.14,37.36,1015.22,78.06
23.64,71.25,1004.92,93.87
22.33,45.87,1007.8,63.61
24.55,58.86,1015.22,60.53
32.83,74.33,1011.44,50.42
26.31,52.09,1013.39,53.59
24.78,58.46,1016.82,67.5
28.75,77.24,1008.92,77.17
28.9,71.25,1000.73,77.24
12.86,40.6,1013.6,84.85
26.9,59.14,1016.18,70.88
27.17,63.09,1015.59,68.33
10.63,42.28,1008.37,92.68
6.84,41.06,1021.04,89.59
21.73,61.45,1010.27,91.59
29.49,69.71,1009.34,56.35
11.1,40.0,1021.29,86.58
18.5,52.08,1006.23,100.09
26.48,73.06,1008.07,90.73
23.62,56.85,1011.11,64.44
15.06,39.3,1019.63,63.32
9.03,37.14,1012.79,76.27
12.14,40.83,1010.56,78.31
12.26,43.48,1016.41,72.95
14.38,44.84,1024.59,81.68
32.14,75.08,1005.35,49.92
27.02,72.58,1009.21,89.13
21.08,46.93,1014.49,63.33
5.51,41.03,1022.28,84.5
26.37,70.79,1005.31,77.3
6.93,38.68,1017.61,61.28
22.62,51.3,1012.36,81.02
23.89,50.16,1004.88,73.94
11.09,40.43,1025.47,74.97
17.3,57.76,1016.26,87.74
21.96,59.8,1016.72,72.6
20.89,68.63,1012.6,69.52
20.84,65.06,1016.88,71.93
17.47,43.77,1012.25,76.78
12.24,40.96,1023.22,78.74
22.01,49.39,1019.6,75.8
10.35,40.27,1005.09,92.42
15.72,41.76,1023.07,66.95
21.38,65.12,1015.73,68.02
23.06,63.9,1013.54,65.28
16.09,48.78,1015.78,91.12
17.8,46.48,1007.27,81.31
26.49,71.73,1010.07,74.48
25.74,65.38,1009.6,54.34
18.93,48.6,1005.72,84.92
25.88,74.67,1016.66,81.09
25.03,60.84,1017.69,59.23
34.11,73.56,1006.77,45.92
16.29,50.88,1013.79,99.15
27.76,71.97,1008.53,86.97
25.14,60.93,1007.44,76.71
19.6,48.14,1013.18,68.71
11.47,43.67,1012.68,72.51
9.84,36.66,1026.7,70.02
19.46,46.33,1013.77,89.62
23.28,72.24,1011.3,90.5
26.59,66.49,1013.32,49.76
9.99,36.71,1023.57,83.53
3.96,35.47,1016.79,83.81
23.04,59.43,1010.23,68.99
32.4,68.14,1004.44,34.53
25.42,73.17,1012.29,85.86
16.49,49.39,1018.1,93.13
30.33,70.36,1006.72,70.31
14.17,43.13,1014.94,48.62
21.54,58.41,1013.99,86.34
14.88,42.28,1007.26,71.3
26.13,71.64,1004.16,87.18
30.8,70.94,1007.06,63.09
12.88,42.74,1026.25,74.54
12.19,41.06,1021.35,74.98
28.61,72.29,1011.61,45.33
14.16,44.06,1018.92,76.34
20.53,49.16,1007.11,90.02
23.95,51.86,1014.24,68.28
15.93,40.89,1011.57,74.55
8.07,43.41,1016.02,76.26
12.54,44.03,1007.05,84.03
30.74,69.59,1008.69,68.04
11.41,41.54,1019.94,66.49
19.72,51.19,1008.51,95.28
25.11,56.89,1013.33,67.31
12.74,39.13,1008.19,94.81
13.23,52.72,1026.4,75.78
25.18,57.5,1015.07,60.76
21.14,48.78,1020.39,86.2
23.46,47.01,1014.41,69.19
20.41,50.32,1008.45,93.12
11.02,44.58,1016.4,83.57
29.14,61.5,1009.64,39.95
30.82,76.2,1007.47,59.3
26.38,59.92,1009.99,71.91
30.22,74.9,1003.57,67.15
27.37,63.73,1009.79,65.25
16.32,43.5,1021.3,72.6
6.04,41.14,1027.92,87.12
24.11,68.3,1017.33,79.16
25.1,71.77,1004.34,82.8
7.82,41.16,1023.3,87.7
18.04,44.88,1017.96,66.3
24.01,46.93,1013.3,52.24
26.71,70.4,1007.59,82.63
12.45,40.1,1015.4,82.61
21.43,46.97,1013.94,61.25
31.67,69.89,1013.88,39.33
14.64,42.77,1017.59,79.6
14.56,45.51,1015.39,69.84
19.22,65.06,1015.05,82.5
30.29,71.58,1010.01,54.03
22.9,49.3,1003.45,80.95
24.97,58.95,1017.19,56.24
23.68,49.02,1007.53,86.05
18.92,62.26,1012.05,85.99
9.15,39.61,1018.11,75.29
12.83,44.88,1017.86,87.88
13.9,45.08,1023.29,83.43
16.18,44.9,1021.3,74.46
22.85,60.29,1017.29,61.92
25.89,58.86,1014.16,52.95
24.14,59.87,1018.47,57.76
29.91,70.02,1010.18,64.1
22.15,43.77,1010.81,60.08
29.38,69.68,1011.35,49.25
11.36,40.75,1016.34,85.19
16.36,53.82,1015.05,71.95
32.77,71.32,1007.68,42.39
31.12,68.14,1003.67,67.36
15.09,40.89,1010.15,92.0
22.1,65.06,1014.56,71.5
25.65,69.23,1012.55,62.02
10.03,41.79,1020.35,66.42
10.63,44.2,1018.63,90.26
6.01,35.79,1011.05,91.33
19.98,60.77,1017.72,90.71
8.9,41.4,1030.83,85.63
19.89,51.43,1007.38,91.79
20.56,59.14,1016.02,68.59
15.69,37.87,1021.18,84.38
32.09,70.4,1003.73,55.65
14.81,42.77,1017.83,75.09
23.72,58.62,1016.65,69.1
29.01,66.56,1006.44,57.62
25.27,63.91,1009.82,75.48
19.13,66.86,1012.95,71.24
19.17,52.9,1016.56,65.23
31.1,71.32,1008.09,45.87
13.39,44.58,1016.5,79.26
23.39,63.94,1010.54,89.94
8.3,36.08,1020.63,80.42
21.23,68.08,1012.82,74.57
26.44,71.64,1004.55,85.53
3.99,39.64,1011.53,83.58
22.84,67.32,1013.77,64.67
12.93,43.13,1014.91,55.7
27.52,66.48,1004.99,52.54
14.3,42.99,1007.32,73.72
15.2,39.0,1016.1,72.76
24.9,58.49,1011.06,65.14
30.24,67.32,1014.07,46.53
24.65,63.86,1018.37,56.15
12.21,40.64,1020.31,83.84
13.9,40.2,1013.13,89.91
16.41,44.92,1024.27,84.16
16.74,38.01,1022.63,69.19
19.92,46.97,1014.32,69.17
16.49,41.93,1022.92,44.98
29.0,70.72,1009.51,67.72
12.8,39.16,1015.94,89.83
12.7,39.72,1017.89,62.97
20.64,49.21,1014.86,58.47
15.56,41.04,1025.8,64.81
16.88,39.99,1007.08,74.29
31.63,69.59,1008.66,61.81
24.57,51.95,1005.8,70.07
10.82,44.63,1020.64,90.26
27.75,69.89,1015.41,73.01
9.07,40.67,1014.41,70.39
10.49,42.49,1009.81,78.92
9.44,43.99,1020.31,98.06
13.15,41.14,1026.72,80.31
15.97,45.01,1016.58,83.24
30.81,71.97,1008.36,75.0
32.33,69.68,1011.95,39.89
20.09,61.27,1020.05,70.71
22.56,66.48,1003.82,77.46
29.17,64.79,1016.43,61.05
23.28,69.51,1013.31,53.0
24.8,66.51,1016.74,65.72
13.64,43.71,1024.41,84.46
28.41,75.6,1018.48,56.07
28.64,66.54,1010.43,43.39
20.3,48.41,1007.48,89.66
12.87,39.3,1019.26,71.55
22.64,59.27,1012.58,83.55
19.48,58.66,1013.32,73.16
23.26,59.14,1016.98,76.29
18.78,54.2,1012.05,89.25
30.01,73.18,1012.23,60.9
27.32,66.54,1004.95,72.58
23.93,64.05,1013.09,86.02
14.31,42.86,1031.14,69.6
13.42,40.92,1022.84,75.89
13.62,42.34,1017.87,89.67
21.93,60.84,1018.96,76.8
10.63,39.61,1020.0,72.42
28.38,72.39,998.93,73.85
24.34,70.79,1006.82,85.66
24.97,68.61,1011.08,58.94
5.25,42.85,1013.75,89.67
8.65,40.56,1023.23,78.85
22.61,44.05,1005.69,76.74
14.39,42.77,1017.36,83.28
8.95,43.13,1017.56,94.85
10.82,42.02,996.03,99.34
14.93,39.39,1014.31,80.68
23.28,68.28,1000.79,81.35
12.53,44.03,1007.21,84.2
22.04,57.32,1012.54,62.17
28.6,71.22,1003.15,58.33
30.56,71.98,1004.74,58.77
23.19,42.67,1007.83,63.31
24.49,59.87,1018.4,59.95
15.9,39.99,1007.03,78.49
18.0,43.7,1015.4,61.28
23.31,60.08,1017.14,64.35
33.37,79.05,1007.19,62.64
20.08,58.12,1015.53,80.84
7.33,40.0,1018.96,80.76
24.48,66.25,1009.42,88.17
14.22,48.6,1006.26,88.05
27.46,69.98,1013.28,63.73
18.19,41.85,1014.93,61.37
23.05,65.94,1010.99,69.73
6.69,36.24,1013.35,91.09
12.52,40.24,1020.45,97.41
10.32,41.01,1021.04,95.3
28.09,70.02,1010.84,51.29
27.69,70.32,1012.2,82.27
27.62,68.27,1008.04,63.04
22.09,65.59,1015.54,72.44
10.66,37.5,1009.42,95.86
9.71,42.44,1014.29,94.03
17.47,58.16,1016.36,82.26
11.82,41.26,1020.74,91.14
23.61,43.77,1011.81,56.08
31.63,70.17,999.4,59.94
30.45,43.21,1011.35,63.59
27.09,49.3,1003.93,61.0
22.42,59.43,1007.12,90.56
13.98,40.24,1017.19,87.45
27.46,68.08,1013.06,46.49
18.59,44.63,1003.99,86.22
20.17,58.12,1015.41,79.47
10.22,37.83,1005.94,93.53
10.72,35.76,1019.71,62.26
9.7,40.11,1026.61,75.48
23.63,63.57,1011.05,87.96
27.62,63.9,1013.11,43.56
13.92,41.16,1003.83,88.69
14.98,43.99,1022.66,83.34
13.94,38.47,1015.03,53.9
16.23,43.72,1009.96,83.01
21.32,48.14,1016.57,71.81
30.8,73.17,1010.51,51.93
24.03,58.46,1015.71,70.15
6.17,39.33,1012.57,93.32
27.35,66.05,1017.62,55.26
13.0,48.79,1017.14,85.23
12.56,41.4,1019.23,74.26
9.35,41.03,1021.33,66.75
22.77,69.84,1005.75,84.26
2.71,39.42,1026.66,81.11
27.37,71.06,1008.4,87.52
24.19,65.48,1018.8,60.54
5.86,40.62,1017.03,85.06
30.75,71.22,1006.47,48.06
22.07,58.95,1017.98,75.83
26.05,44.89,1009.83,56.36
26.93,56.9,1006.25,77.79
26.11,62.44,1010.68,72.59
26.38,71.73,1010.04,69.45
14.95,42.99,1008.75,90.76
18.99,44.6,1014.7,40.11
21.69,42.23,1013.05,67.55
14.38,45.09,1012.95,86.1
10.23,42.32,1017.53,89.93
25.82,57.19,1007.99,62.95
4.86,39.4,1012.73,91.39
22.1,71.29,1008.2,75.38
30.7,71.58,1010.0,48.96
9.86,38.38,1018.22,85.35
12.0,39.35,1015.48,82.51
15.85,49.69,1015.48,88.65
8.03,37.8,1020.47,60.67
27.24,66.75,1017.78,69.6
26.23,59.14,1016.98,75.54
22.63,70.47,1008.0,82.27
16.0,43.34,1013.89,78.39
11.26,44.92,1023.63,88.99
26.12,68.94,1007.12,67.08
29.22,73.18,1012.22,64.91
8.83,41.92,1031.8,78.97
26.19,65.61,1014.51,54.52
25.3,59.43,1009.15,58.3
7.36,41.01,1024.9,97.88
26.12,63.94,1017.97,44.81
11.68,40.55,1006.48,96.16
35.01,74.67,1016.1,26.3
5.9,45.87,1013.25,87.0
5.7,40.35,1012.18,91.57
11.27,40.62,1017.03,61.94
10.41,41.01,1020.12,94.27
27.21,64.05,1010.08,76.69
20.76,59.21,1017.94,80.84
21.57,69.23,1011.94,81.73
23.56,60.77,1017.93,76.34
15.19,41.43,1011.34,89.67
9.43,41.4,1028.81,85.83
17.3,62.1,1020.28,88.06
6.13,39.48,1005.17,53.5
18.43,44.63,1019.76,39.99
8.0,34.03,1018.98,78.67
14.03,44.88,1019.6,57.63
31.45,68.27,1007.56,64.79
30.46,66.75,1017.81,54.48
29.06,64.96,1000.88,62.07
25.98,68.12,1011.36,66.86
10.72,41.38,1021.6,63.77
22.38,49.3,1003.56,83.83
20.76,44.58,1017.09,57.47
9.64,36.66,1027.1,70.11
14.55,42.74,1027.29,66.64
29.3,74.16,1007.72,81.92
5.28,45.87,1008.25,97.88
25.42,69.71,1009.29,82.5
7.68,39.96,1023.73,87.48
24.72,68.67,1006.74,79.02
23.98,50.32,1008.41,67.75
26.11,52.36,1013.9,59.62
30.22,68.3,1014.91,34.9
29.1,76.2,1006.28,60.22
11.09,42.44,1014.18,92.81
18.88,44.06,1013.81,68.54
9.41,43.5,1021.0,88.74
26.2,71.73,1009.99,74.99
29.3,68.08,1011.23,56.23
5.05,35.57,1027.03,80.02
27.94,69.84,1003.11,70.47
22.7,59.92,1011.05,90.84
13.73,41.92,1031.01,64.92
17.32,42.24,1017.35,62.96
25.4,69.59,1008.58,82.22
27.19,71.58,1010.85,76.1
25.32,63.77,1014.55,74.69
11.01,37.5,1015.08,73.36
21.23,50.59,1017.42,69.26
10.07,40.46,1018.65,69.2
17.99,43.72,1008.64,75.04
26.08,52.3,1007.03,63.34
30.03,68.84,1011.41,53.82
15.82,44.88,1018.59,78.88
12.03,40.1,1015.32,85.39
26.72,65.61,1014.41,52.01
25.34,69.48,1008.4,74.79
14.51,49.83,1006.27,91.65
19.73,68.63,1012.41,74.12
13.67,44.92,1023.6,85.35
25.22,71.85,1009.78,68.96
16.34,47.45,1009.41,92.96
20.67,70.02,1010.42,94.09
6.72,38.91,1016.89,90.47
21.08,52.05,1012.28,45.25
29.05,64.84,1011.1,51.39
8.67,36.66,1026.8,84.36
21.9,55.5,1018.85,60.27
18.63,50.16,1010.21,97.13
24.92,73.68,1015.12,93.68
5.66,39.42,1024.7,78.52
16.85,49.78,1005.61,100.1
19.31,44.71,1016.13,30.59
10.9,41.93,1014.96,96.24
8.27,37.7,1015.09,73.64
9.68,41.44,1015.19,87.34
29.46,49.3,1003.88,54.1
17.0,45.09,1013.52,88.32
24.54,60.29,1017.42,58.94
17.17,44.68,1018.72,83.58
9.97,41.26,1020.6,91.14
21.97,58.12,1014.21,85.93
14.47,41.76,1021.98,78.41
20.52,57.76,1017.03,81.19
14.13,41.23,994.6,93.02
30.9,69.4,1003.53,66.69
17.68,39.08,1002.77,74.24
32.5,73.68,1014.65,55.72
13.48,40.35,1011.71,69.44
25.45,74.33,1015.53,80.95
10.1,41.79,1019.36,78.07
19.77,56.65,1020.67,66.33
21.47,65.61,1015.92,76.22
8.3,43.13,1020.02,83.11
24.96,77.54,1008.25,80.6
27.2,78.05,1010.15,90.2
13.55,42.99,1007.58,97.55
31.27,69.13,1009.45,57.01
15.49,40.89,1007.16,82.16
21.35,57.76,1017.36,73.1
24.33,46.93,1013.83,44.59
34.53,73.03,1013.53,36.74
25.21,63.21,1012.24,85.14
32.87,71.32,1004.36,54.69
16.3,41.16,1007.88,76.61
21.39,62.96,1019.49,72.24
21.82,58.66,1011.71,64.37
30.17,74.22,1007.46,49.27
12.89,48.14,1017.48,83.95
29.27,66.85,1011.11,63.25
23.66,69.51,1012.9,52.59
25.11,67.32,1014.49,58.39
14.2,42.86,1031.96,69.59
11.29,41.5,1013.39,89.15
13.41,54.3,1016.48,79.28
25.11,63.21,1012.21,83.58
16.58,41.79,1006.24,72.95
5.18,40.27,1010.84,81.64
24.67,58.05,1011.31,69.95
19.83,51.43,1007.36,91.64
24.75,58.79,1009.87,71.97
5.02,45.87,1007.8,99.22
30.69,71.98,1004.53,65.86
6.24,35.77,1019.24,70.7
9.14,40.6,1015.34,88.91
15.21,52.75,1024.32,61.11
15.14,49.64,1023.78,75.0
11.53,41.14,1025.63,88.54
9.09,41.92,1029.36,91.0
11.48,37.5,1014.38,69.75
23.06,56.85,1012.5,64.03
28.51,74.78,1009.84,59.06
29.0,75.33,1001.6,71.43
23.1,66.05,1020.28,80.62
14.85,40.8,1025.38,53.29
23.01,59.44,1012.82,82.62
25.03,60.27,1017.9,72.04
24.43,60.07,1015.59,59.99
31.41,64.44,1013.84,49.49
27.61,49.16,1005.01,35.63
21.34,59.8,1016.92,77.06
24.62,68.31,1010.45,75.18
26.3,77.95,1009.45,78.72
23.16,57.69,1007.91,84.7
34.63,74.33,1011.7,31.45
23.49,47.45,1008.46,66.18
28.82,77.24,1008.35,78.93
10.66,41.93,1016.12,94.16
27.25,69.98,1008.55,59.55
14.48,40.89,1011.39,82.18
25.86,59.92,1009.92,73.95
18.13,66.86,1012.9,78.84
10.72,39.35,1015.35,86.43
28.43,63.31,1013.44,49.99
9.08,40.02,1031.2,75.34
31.49,73.5,1010.71,40.16
7.71,38.06,1021.0,83.47
25.45,69.59,1008.51,83.17
32.55,73.03,1014.36,44.83
32.2,72.29,1008.61,69.94
19.31,60.07,1014.86,69.37
14.44,39.0,1017.06,76.02
16.55,41.66,1011.45,55.53
21.04,69.48,1011.07,89.92
18.32,47.83,1005.06,87.21
32.23,69.13,1000.61,55.1
22.43,63.21,1012.06,84.75
23.86,45.87,1007.71,48.73
21.43,59.14,1015.91,64.4
20.91,59.14,1017.25,74.7
5.71,45.87,1012.04,93.42
11.92,41.2,1016.99,81.24
29.79,67.69,1006.86,55.93
15.79,50.88,1014.58,99.9
6.9,40.62,1018.48,78.84
15.86,39.82,1013.12,77.37
22.49,62.52,1016.57,63.69
29.4,57.19,1008.34,53.95
18.68,56.65,1020.38,80.26
23.63,60.93,1006.41,83.06
20.71,46.63,1013.1,74.49
11.04,41.74,1022.6,77.51
22.03,64.69,1007.21,75.75
15.65,39.59,1012.8,87.63
16.85,52.9,1019.47,81.28
11.83,44.6,1018.49,89.06
9.55,39.66,1018.8,74.88
19.76,62.1,1020.07,73.55
30.18,65.74,1012.63,47.74
31.71,73.5,1010.63,40.17
28.47,69.23,1013.18,40.73
21.6,43.43,1010.28,61.87
28.68,61.86,1011.78,62.67
12.77,41.5,1014.13,86.8
21.26,50.32,1008.41,87.22
27.17,61.02,1011.38,65.32
20.6,65.12,1015.53,71.57
27.16,59.87,1011.78,58.84
5.18,41.31,1000.59,92.14
27.01,63.78,1016.72,47.89
27.99,71.64,1007.79,72.67
21.32,45.01,1012.23,59.94
15.45,46.63,1012.6,85.47
7.55,38.08,1019.37,76.32
20.78,68.28,1008.75,60.87
24.91,71.29,1008.29,69.06
20.08,54.42,1011.79,89.35
6.49,36.3,1016.52,69.1
5.21,35.79,1011.5,95.08
14.42,41.16,1004.32,88.42
17.08,40.12,1012.17,81.5
26.65,66.48,1005.7,65.09
12.27,41.17,1019.39,52.18
13.82,41.62,1011.48,77.66
21.19,74.93,1015.75,80.84
20.6,66.86,1013.08,62.48
27.18,61.41,1012.17,46.11
24.51,68.63,1014.15,45.1
27.09,65.61,1014.22,48.13
14.57,37.86,1022.44,68.82
20.55,63.86,1015.12,73.98
7.91,39.96,1023.57,88.44
11.41,39.61,1018.69,69.44
27.41,69.98,1008.51,65.49
28.43,73.18,1012.52,71.05
13.74,45.08,1024.97,84.79
22.85,47.43,1008.13,66.36
10.45,40.0,1019.01,89.01
11.48,41.2,1012.88,90.04
15.75,47.45,1009.86,86.68
26.74,59.87,1012.5,62.88
18.48,46.48,1007.53,82.57
19.72,65.94,1010.53,82.12
14.47,44.66,1016.33,93.52
24.15,63.13,1013.8,92.1
25.89,66.49,1013.08,63.16
29.87,73.91,1004.53,74.3
34.33,74.34,1001.74,42.75
22.79,69.13,1010.87,91.47
15.68,39.16,1006.09,75.62
22.42,60.08,1017.71,67.46
7.69,39.96,1023.9,89.18
28.29,69.13,1009.29,58.18
13.75,44.47,1029.63,70.74
21.09,46.63,1013.03,74.8
27.36,58.33,1013.86,56.7
26.54,71.14,1007.52,72.04
17.27,43.52,1021.37,76.73
10.02,39.66,1016.34,79.98
30.62,66.75,1017.68,53.68
25.68,46.21,1011.01,57.53
21.75,58.79,1012.42,87.58
7.35,41.66,1015.55,79.67
27.07,65.59,1012.14,63.93
9.56,44.71,1021.13,64.6
27.28,44.89,1009.02,49.9
16.44,53.16,1014.82,75.29
18.2,45.01,1013.82,68.14
6.02,41.38,1021.2,88.71
25.3,70.98,1007.22,95.1
26.27,62.91,1011.97,48.06
32.73,69.88,1007.86,46.95
17.51,53.16,1013.13,82.86
27.88,63.87,1017.79,40.0
7.25,41.14,1024.99,95.85
17.48,40.89,1011.39,62.45
10.95,43.8,1022.61,63.46
25.32,61.25,1011.56,80.1
30.3,73.67,1005.57,58.74
24.34,62.96,1019.7,61.44
28.03,68.67,1005.52,58.16
17.77,52.9,1020.11,81.51
14.46,53.82,1016.55,68.11
27.72,69.88,1007.58,72.25
22.42,62.52,1016.83,63.27
21.31,58.66,1012.67,69.36
28.62,63.77,1012.82,55.77
22.01,60.84,1017.55,83.82
30.61,69.13,1009.32,55.17
20.19,62.26,1011.37,89.69
25.3,49.3,1003.67,69.08
6.9,40.71,1021.78,94.8
23.97,63.86,1018.09,57.62
28.85,66.54,1010.73,43.27
9.72,41.44,1015.17,84.41
20.97,61.87,1011.45,65.41
21.59,48.06,1012.72,77.13
26.63,61.47,1008.18,69.0
14.18,42.99,1007.19,73.21
7.74,42.49,1009.07,90.11
8.44,41.17,1019.9,70.72
21.38,60.84,1017.94,82.83
24.06,58.98,1010.66,81.16
24.19,47.45,1008.26,64.25
30.51,70.79,1004.55,56.05
22.47,47.45,1007.62,76.65
22.24,60.07,1015.93,62.25
16.6,53.16,1014.5,76.75
23.07,50.05,1006.9,86.98
13.09,39.85,1012.86,58.42
26.62,72.43,1006.79,82.74
19.4,64.63,1020.38,81.1
14.22,45.08,1023.26,84.41
6.14,39.4,1011.21,90.87
11.88,40.64,1020.5,85.43
28.5,73.77,1002.82,86.38
29.07,71.64,1006.07,69.53
27.34,70.98,1008.82,71.42
19.31,52.72,1024.93,53.93
22.12,69.71,1009.7,90.22
23.95,58.46,1017.5,68.46
23.97,68.67,1006.63,76.83
14.12,42.86,1011.84,88.29
20.13,40.33,1005.31,85.42
10.98,41.54,1019.94,69.83
30.34,75.08,1005.32,52.97
14.4,41.26,1021.41,73.11
15.2,40.55,1005.0,88.4
8.39,36.24,1013.39,89.13
27.65,48.41,1008.54,58.25
29.68,64.33,1011.2,57.73
31.01,67.83,1007.95,43.57
24.17,71.58,1010.16,89.96
6.15,40.07,1020.2,66.64
12.54,40.1,1015.73,84.29
10.38,40.92,1021.53,95.18
13.52,41.44,1015.81,65.97
30.47,70.02,1009.65,62.03
32.0,65.74,1011.22,46.16
26.64,69.13,1010.6,79.23
12.28,39.96,1011.76,77.07
6.99,35.19,1019.32,68.95
10.74,40.92,1021.74,94.97
11.57,41.38,1021.71,61.49
11.98,44.6,1018.59,86.71
7.78,39.18,1024.62,85.15
22.96,45.01,1012.21,50.81
31.98,64.05,1010.49,58.01
16.81,42.42,1008.95,74.25
18.2,52.72,1025.87,54.26
16.19,36.99,1007.37,92.4
26.47,63.13,1013.72,79.4
19.53,66.54,1013.72,81.46
5.25,40.07,1019.48,67.7
12.28,43.67,1012.69,70.23
12.72,44.9,1007.6,71.8
11.61,41.17,1019.57,58.82
26.02,63.07,1010.94,53.96
20.2,50.9,1011.72,77.63
19.89,44.9,1008.12,67.3
25.38,65.34,1012.87,62.49
21.92,64.63,1020.42,65.22
20.73,69.94,1009.9,82.12
20.3,58.41,1014.05,86.38
4.15,39.9,1008.84,96.68
31.32,74.33,1012.92,36.48
29.26,69.34,1009.76,58.64
18.32,66.86,1012.02,70.0
16.58,37.64,1015.23,81.59
26.06,67.83,1009.26,66.37
26.63,43.77,1011.33,49.3
23.25,59.87,1018.69,66.4
26.65,74.16,1008.27,94.54
13.74,42.74,1029.54,70.0
24.85,71.98,1005.97,95.09
14.87,42.77,1017.94,75.06
20.76,70.72,1009.73,89.04
14.8,44.71,1014.67,41.71
31.77,76.09,1007.4,73.36
24.33,60.32,1015.49,59.95
26.07,71.37,1008.6,79.48
28.82,64.79,1016.74,56.34
27.35,61.47,1008.43,70.65
27.23,44.05,1005.69,58.91
18.31,42.23,1012.88,79.32
29.65,71.25,1001.07,73.97
4.08,35.19,1018.87,97.07
25.08,61.02,1010.01,73.21
25.74,59.07,1007.37,79.89
31.32,71.29,1008.37,50.07
30.37,76.09,1006.95,65.93
17.51,44.9,1009.05,74.91
16.82,49.15,1020.68,72.07
24.4,60.32,1016.5,70.96
21.75,59.8,1016.65,72.94
8.03,40.07,1016.06,47.46
15.66,41.7,1018.0,77.0
31.52,76.2,1008.31,57.35
7.04,41.74,1021.91,88.55
7.64,39.85,1012.78,88.09
12.88,38.53,1010.95,87.16
17.85,48.14,1017.16,86.68
11.81,40.75,1016.13,84.14
13.67,42.32,1015.41,79.04
21.44,60.32,1015.2,81.1
14.86,43.14,1019.21,99.14
19.24,56.89,1014.29,72.97
25.77,69.04,1009.66,65.49
21.13,47.43,1006.97,64.26
10.18,43.5,1022.84,88.7
9.3,43.14,1010.99,88.12
22.12,60.77,1018.01,83.87
8.79,40.67,1019.5,66.3
12.59,39.72,1017.76,61.14
22.2,57.17,1009.82,78.43
11.01,42.02,995.24,98.62
21.52,66.51,1015.32,72.85
23.43,71.97,1009.42,94.27
7.53,43.65,1018.58,64.85
25.34,59.39,1014.02,73.58
25.72,47.45,1007.74,58.35
15.15,41.35,1006.3,86.16
21.69,57.17,1011.75,82.63
23.96,46.93,1013.98,47.22
14.1,41.16,1021.26,73.87
26.44,54.2,1012.65,48.02
15.8,41.2,1016.08,77.83
13.89,35.71,1016.4,65.49
27.58,65.27,1013.51,50.43
24.8,72.24,1011.58,83.61
30.27,70.32,1007.93,51.61
14.26,42.86,1011.33,88.37
16.69,40.56,1019.92,51.43
10.32,39.28,1016.56,94.13
12.77,40.71,1014.66,72.81
6.77,40.78,1024.86,96.58
22.49,45.61,1013.1,75.69
27.77,63.9,1013.62,51.43
24.93,47.01,1015.12,64.8
25.14,73.67,1006.94,88.51
25.87,59.43,1008.34,65.83
29.97,67.9,1006.09,61.6
20.0,56.53,1020.43,75.94
23.88,67.9,1005.99,67.58
7.81,39.64,1011.42,86.68
29.72,71.97,1008.6,79.25
25.79,63.9,1014.39,60.49
21.73,69.05,1001.31,86.64
29.33,64.84,1010.76,53.32
27.44,58.9,1003.86,66.74
19.93,62.1,1019.94,76.41
15.92,37.64,1014.93,83.73
31.0,77.95,1010.14,65.97
23.43,60.32,1015.34,69.34
12.14,45.0,1023.9,89.2
22.03,59.43,1006.88,82.05
22.63,58.96,1013.62,56.67
17.72,50.9,1012.02,85.55
18.99,59.27,1012.15,89.39
24.54,57.85,1013.02,65.61
10.33,41.44,1015.24,86.72
13.41,49.83,1008.83,87.14
15.36,41.35,1002.4,91.67
10.63,37.5,1008.93,98.14
10.57,41.26,1008.32,97.96
14.12,40.92,1022.46,73.28
19.27,50.9,1011.72,83.14
31.21,66.44,1008.57,65.76
12.82,46.18,1018.53,88.46
28.66,77.95,1009.56,69.07
20.46,51.43,1007.31,93.25
29.72,68.24,1009.92,66.42
15.07,50.88,1014.33,100.12
29.31,68.67,1006.18,63.38
12.66,41.2,1015.88,89.12
20.13,60.07,1014.79,63.57
26.58,59.39,1014.49,65.87
30.1,47.93,1002.64,42.06
12.5,43.67,1013.99,90.91
9.3,38.18,1017.19,71.51
25.22,69.88,1007.17,80.26
23.69,58.05,1012.08,74.26
29.82,66.51,1010.98,43.57
14.85,43.13,1016.02,55.29
7.75,38.06,1020.83,83.39
18.92,44.63,1020.32,47.81
25.87,57.32,1012.06,44.13
15.55,39.63,1004.98,89.82
6.02,43.65,1013.85,83.53
30.7,74.22,1008.12,50.39
18.48,52.05,1012.41,68.2
24.39,63.77,1013.3,77.53
24.2,59.07,1009.25,88.25
17.57,43.7,1015.53,67.22
24.75,69.45,1013.97,53.49
5.63,39.22,1013.35,77.67
26.92,73.17,1011.42,76.94
25.12,71.58,1010.18,87.5
30.97,69.13,1009.78,58.92
15.3,43.14,1015.11,71.35
9.72,39.66,1018.31,76.07
22.99,61.02,1009.88,81.56
26.48,68.14,1004.83,55.96
13.86,37.85,1011.4,89.7
18.13,39.72,1002.75,58.85
9.42,39.64,1010.86,74.03
29.73,73.06,1010.27,84.84
9.45,41.92,1029.32,91.09
23.82,64.15,1020.96,60.11
29.67,66.51,1015.6,34.1
18.77,39.54,1009.39,63.35
22.59,65.06,1014.36,62.44
22.88,50.23,1016.11,63.77
24.27,60.23,1011.84,77.8
10.29,41.46,1020.84,89.03
17.51,39.54,1010.22,71.53
30.17,64.79,1017.06,43.81
27.16,71.32,1007.81,89.07
29.72,54.2,1012.86,38.48
21.24,63.47,1011.86,97.02
19.65,51.3,1014.81,90.23
6.67,39.37,1020.31,73.56
15.65,54.3,1018.0,69.66
22.51,59.21,1018.35,71.97
28.83,64.96,1000.05,63.57
14.04,39.64,1011.09,87.22
22.85,60.08,1018.05,67.12
21.16,45.38,1014.65,73.06
23.42,50.05,1006.79,86.45
20.28,63.86,1016.04,74.66
31.23,68.67,1005.82,52.1
21.1,62.66,1011.19,83.49
26.6,61.02,1010.26,66.16
13.7,44.47,1027.51,70.77
14.24,39.58,1011.17,70.45
27.63,71.98,1005.45,82.88
27.78,68.67,1005.59,59.17
7.21,42.03,1017.81,90.12
10.56,40.22,1005.08,89.71
30.11,62.04,1010.69,47.96
18.8,47.83,1005.86,76.77
23.22,63.07,1012.91,77.59
18.4,44.06,1017.36,70.88
19.8,49.15,1020.88,61.88
24.49,65.59,1011.52,85.12
22.72,69.13,1010.81,92.43
23.35,47.01,1015.03,73.9
20.15,39.72,1001.85,59.32
11.88,41.58,1016.56,90.18
26.0,69.89,1015.12,73.06
16.71,40.55,1004.45,81.64
14.13,53.82,1016.72,64.85
24.62,58.66,1011.43,56.61
24.88,49.16,1006.04,64.54
29.97,70.32,1007.44,53.26
27.06,61.41,1011.99,45.23
17.7,49.78,1005.19,100.09
16.85,41.35,1006.14,79.21
14.73,36.99,1007.32,90.84
19.75,57.32,1010.76,79.29
16.25,40.89,1011.09,62.7
24.75,63.57,1010.47,84.24
25.7,69.45,1013.86,56.91
14.2,45.51,1015.36,74.85
23.46,57.85,1012.7,65.54
16.75,42.23,1013.81,84.98
31.18,70.36,1006.38,56.74
20.67,57.5,1014.42,81.89
20.28,48.78,1017.4,82.51
33.13,74.34,999.57,48.34
28.69,67.79,1011.01,66.4
21.81,63.77,1014.28,83.66
16.27,58.2,1018.47,80.03
9.75,35.76,1019.88,62.31
8.64,38.56,1016.51,66.03
18.38,62.1,1020.12,77.27
21.4,47.93,1005.16,88.44
9.26,44.68,1023.22,91.44
10.35,37.14,1013.37,69.26
31.01,69.04,1009.14,52.81
25.99,74.67,1016.59,83.39
32.33,67.83,1008.11,57.48
7.1,41.74,1022.25,91.07
14.1,43.34,1012.91,86.45
27.25,50.05,1006.53,60.64
25.37,66.75,1017.94,79.26
25.21,75.6,1017.19,69.84
18.33,49.64,1025.36,62.57
14.08,40.73,1017.52,91.49
31.7,69.13,1000.29,46.27
32.0,73.17,1009.94,40.48
31.11,71.8,1010.81,56.08
12.55,38.91,1012.58,75.44
26.69,59.21,1012.55,57.59
31.4,66.54,1003.55,57.73
23.57,63.91,1011.65,80.74
5.94,39.9,1007.84,86.33
20.23,57.76,1016.84,81.26
11.76,39.28,1016.9,91.06
5.52,42.85,1012.77,93.82
29.14,67.45,1015.51,46.47
27.0,73.17,1009.82,64.43
22.06,64.15,1021.07,68.66
32.09,69.4,1003.1,56.91
21.24,44.3,1014.34,83.39
32.74,68.31,1010.23,41.29
23.83,49.21,1012.93,46.79
21.81,60.27,1015.93,91.38
12.95,41.38,1021.97,53.83
21.96,71.85,1009.38,75.98
17.43,63.09,1019.87,92.77
27.11,69.59,1008.56,79.2
15.92,44.85,1015.84,59.99
14.55,40.73,1018.36,89.12
17.9,67.71,1004.3,89.59
6.03,41.17,1019.81,84.2
8.41,39.16,1015.47,93.42
14.3,54.3,1015.16,75.29
17.44,44.89,1009.9,80.54
7.87,41.06,1020.91,87.64
25.69,57.32,1012.34,44.18
20.41,56.03,1019.94,55.85
6.01,35.79,1011.26,90.72
22.24,69.23,1011.83,79.37
18.12,63.09,1019.32,89.21
17.49,63.94,1020.02,82.6
16.99,40.89,1011.54,64.51
10.01,40.78,1023.71,88.11
25.68,58.41,1013.71,70.61
11.72,40.55,1020.74,86.22
18.9,56.03,1020.77,71.83
15.02,37.64,1016.49,83.28
23.86,66.54,1005.23,90.89
18.93,67.71,1005.04,82.4
5.21,35.79,1012.44,94.35
25.42,59.04,1011.98,68.78
11.97,41.04,1026.42,70.75
18.88,40.79,1004.98,92.65
18.41,49.69,1006.66,80.55
13.87,42.99,1007.45,81.52
27.6,69.34,1009.63,71.58
26.16,52.36,1013.62,58.52
15.45,61.27,1019.87,79.21
14.98,39.58,1011.78,75.07
16.77,45.01,1013.47,81.42
19.76,58.79,1017.37,89.09
21.93,62.91,1013.45,74.62
15.11,56.03,1020.27,89.95
17.42,44.06,1016.63,82.15
16.01,65.46,1014.0,87.68
28.5,72.99,1007.02,67.13
17.47,58.59,1014.03,97.13
16.2,65.46,1013.97,89.84
11.77,40.71,1024.55,72.49
13.82,42.32,1016.32,81.19
28.5,71.32,1002.54,69.35
6.5,38.68,1017.8,62.9
10.3,41.46,1018.21,86.17
15.6,41.7,1019.15,84.1
21.94,64.69,1007.39,77.58
21.7,60.77,1018.07,88.15
16.73,37.2,1012.94,74.04
23.33,73.18,1012.51,91.29
26.79,77.95,1009.9,80.22
23.34,59.14,1017.47,78.91
14.72,39.0,1016.42,76.42
16.43,48.06,1010.73,61.26
4.41,42.07,1005.54,68.85
19.2,61.27,1020.02,65.53
27.71,70.32,1008.63,64.05
5.68,40.35,1012.11,92.86
25.15,62.91,1012.23,48.22
9.51,40.46,1018.84,70.12
28.72,68.14,1005.82,46.52
24.81,59.87,1018.56,61.18
21.67,69.71,1010.46,96.83
20.77,45.87,1008.07,76.22
16.7,50.66,1014.86,94.87
28.03,60.23,1010.23,66.04
27.34,63.78,1016.5,48.4
15.55,40.66,1016.21,88.5
23.45,69.04,1010.5,80.77
26.39,71.25,999.8,89.12
10.15,41.14,1025.5,91.54
20.85,48.7,1007.11,87.2
10.25,41.46,1018.67,84.41
9.37,44.77,1020.61,87.31
16.27,44.21,1020.56,82.22
7.64,42.28,1008.46,84.29
11.55,40.6,1014.44,87.06
14.69,35.71,1015.78,57.34
22.88,71.73,1010.11,86.96
14.81,43.69,1017.19,71.9
18.27,50.16,1011.07,95.91
3.91,35.47,1016.92,86.03
21.71,76.86,1006.71,76.86
26.24,49.82,1014.9,55.58
32.95,67.9,1005.88,45.15
21.68,64.15,1021.09,70.88
11.67,36.18,1016.03,61.44
15.21,35.4,1016.31,58.26
16.69,44.78,1010.41,58.18
14.33,38.73,1003.52,85.92
27.07,77.95,1012.34,76.64
10.02,42.44,1014.57,99.16
21.11,58.12,1015.38,77.78
15.25,41.17,1016.0,62.05
8.2,41.14,1025.24,96.26
9.95,41.82,1033.09,69.44
24.7,58.82,1009.4,75.91
15.93,52.75,1024.57,58.71
6.25,39.64,1010.98,83.45
7.4,41.03,1022.09,74.83
14.46,44.78,1007.64,67.03
30.5,66.75,1017.55,38.2
19.94,44.63,1004.73,78.48
4.43,38.91,1019.04,88.17
19.05,62.96,1020.48,83.04
10.15,41.17,1019.38,82.3
27.94,49.16,1004.22,35.46
20.87,57.19,1006.5,77.0
15.25,39.16,1016.18,79.39
23.86,52.84,1006.56,48.94
28.36,68.08,1013.34,42.82
6.4,39.18,1024.6,86.83
23.71,50.23,1017.55,73.24
8.48,38.5,1013.5,66.51
9.29,39.96,1026.2,97.55
7.11,39.9,1008.82,87.76
19.09,42.44,1012.93,63.59
5.62,43.65,1017.9,77.43
16.96,52.9,1019.61,81.86
14.6,44.47,1028.46,69.96
19.16,43.43,1012.36,72.59
28.16,70.72,1009.81,65.32
17.19,37.2,1011.84,67.59
24.55,57.5,1015.36,62.45
14.56,47.45,1009.52,91.14
17.38,43.14,1011.09,61.9
28.4,59.27,1012.03,59.75
12.75,42.34,1018.17,94.67
25.94,66.49,1012.83,61.81
32.38,77.24,1007.7,61.15
13.83,39.64,1012.52,69.97
27.84,72.39,1001.18,83.46
21.24,60.84,1017.99,82.22
14.07,45.09,1013.32,94.45
20.12,45.09,1013.73,57.78
27.34,59.87,1012.06,59.04
15.51,36.71,1014.05,72.92
12.8,42.18,1016.27,83.9
17.65,59.87,1018.58,94.65
10.98,41.39,1017.54,85.31
22.89,65.34,1015.53,61.0
13.42,42.86,1013.88,85.13
23.81,46.93,1013.19,54.82
18.85,41.1,1001.95,61.75
10.11,52.75,1021.79,76.08
5.84,40.62,1018.58,82.73
13.48,39.85,1012.71,58.91
25.61,74.22,1010.26,75.15
33.34,69.88,1007.65,42.72
26.91,61.5,1009.47,55.26
12.71,43.02,1012.25,62.68
9.04,44.68,1023.14,90.73
20.61,60.1,1010.84,80.57
20.01,59.87,1019.0,84.12
14.82,44.58,1020.13,74.88
29.23,75.6,1017.72,52.26
26.96,62.39,1008.14,73.95
9.31,43.56,1015.09,79.96
27.91,63.76,1010.27,65.67
8.64,39.69,1001.57,98.27
29.42,79.74,1007.24,61.26
18.58,63.78,1016.24,78.74
19.55,42.04,1009.99,67.87
9.52,40.96,1023.48,86.49
25.14,60.29,1017.91,53.3
25.59,62.39,1006.37,74.06
16.09,65.46,1013.84,85.52
6.79,40.0,1019.01,81.83
24.73,48.6,1004.03,63.37
27.32,73.42,1012.07,86.3
19.73,69.51,1013.14,61.84
26.1,66.25,1009.25,84.52
33.8,64.96,1004.88,49.37
14.81,39.58,1011.62,73.64
25.85,67.69,1007.7,70.14
14.84,42.03,1017.47,79.27
18.16,39.99,1007.73,70.54
8.42,43.14,1011.62,80.32
15.27,39.54,1010.64,81.91
19.85,56.53,1020.57,74.05
22.77,59.92,1009.67,94.09
33.83,67.9,1005.94,29.86
3.69,38.44,1016.74,82.87
29.45,70.02,1010.28,65.93
24.7,44.57,1008.24,57.62
13.26,41.78,1009.77,61.69
13.83,42.86,1030.77,75.09
6.05,38.68,1017.46,66.13
25.09,65.38,1009.99,54.28
20.79,57.32,1012.47,70.09
11.06,40.64,1021.47,96.16
29.05,71.85,1008.6,78.69
19.97,59.14,1016.05,70.58
26.02,59.57,1011.16,76.93
21.4,74.93,1014.58,80.85
16.06,47.45,1009.97,88.09
25.21,64.63,1020.56,51.31
17.06,58.96,1013.83,73.95
13.93,44.21,1022.26,82.4
21.44,51.19,1009.1,84.94
21.44,50.78,1008.87,87.56
25.69,59.54,1004.05,81.69
10.05,40.71,1015.51,84.21
30.85,70.94,1007.47,54.79
14.04,40.56,1018.4,65.79
28.84,75.6,1018.41,53.96
24.43,72.43,1008.03,85.56
22.56,70.79,1005.85,93.09
31.25,73.5,1010.81,45.2
13.78,38.28,1014.8,81.19
19.14,56.65,1020.84,82.97
22.92,61.9,1013.27,78.32
12.88,44.71,1018.73,51.95
7.77,41.82,1032.72,72.8
13.33,38.47,1015.42,58.27
8.36,38.91,1016.27,88.82
22.01,58.46,1016.26,75.99
8.01,40.02,1031.33,85.01
9.87,40.81,1017.17,84.25
21.81,65.46,1013.97,52.16
15.16,50.88,1013.88,100.11
10.04,39.13,1011.26,88.91
23.03,59.04,1011.85,81.24
21.47,50.12,1009.19,93.68
19.15,39.72,1001.49,58.62
11.65,41.54,1020.09,67.96
27.3,56.85,1011.66,36.09
17.79,46.21,1010.38,85.25
26.48,51.43,1006.76,74.3
25.14,49.02,1007.56,79.02
28.85,59.27,1011.69,51.8
21.85,58.33,1013.03,66.39
19.9,56.53,1020.52,78.05
7.92,39.54,1011.51,84.41
21.05,61.87,1009.69,62.81
5.06,40.64,1021.49,93.7
21.49,61.27,1019.81,63.21
23.56,73.18,1012.18,87.98
28.97,78.92,1011.71,88.5
14.74,44.47,1028.29,67.87
30.8,69.14,1007.68,63.78
9.48,40.11,1025.49,73.81
18.75,63.09,1018.19,87.84
14.07,43.34,1015.79,86.0
25.52,59.15,1013.88,65.37
30.2,56.9,1006.89,42.69
16.76,53.16,1014.13,81.87
24.14,63.21,1012.28,89.08
23.46,73.18,1012.07,88.14
11.8,43.99,1020.86,98.44
19.94,58.96,1014.16,66.27
7.19,39.4,1011.45,90.65
29.38,74.9,1003.25,72.19
7.8,43.65,1018.92,60.77
26.06,54.5,1015.52,67.12
20.79,65.59,1014.9,77.0
29.97,69.14,1007.92,66.74
12.36,37.73,1021.36,65.45
19.2,58.71,1009.8,84.62
15.11,43.13,1014.99,46.91
23.93,68.28,1005.16,69.91
23.72,70.47,1010.65,75.39
29.63,69.71,1009.04,67.26
14.35,46.18,1016.63,87.76
6.8,41.16,1023.17,95.4
13.12,52.75,1023.69,67.5
27.81,66.51,1016.11,48.48
24.45,70.02,1010.75,71.37
14.85,44.63,1020.67,75.76
10.79,39.82,1012.89,88.25
13.95,71.14,1019.76,75.51
10.76,40.78,1023.81,87.96
29.85,61.85,1005.45,61.85
12.1,41.58,1014.41,90.22
11.8,42.34,1020.25,93.54
9.7,40.71,1025.63,80.34
31.54,77.24,1007.83,62.98
23.53,68.94,1007.53,69.17
20.34,69.45,1012.76,91.05
29.32,63.77,1013.24,55.1
25.37,44.89,1009.27,63.06
25.56,60.32,1016.28,59.84
26.68,63.73,1009.7,71.55
24.12,62.44,1013.83,88.02
9.01,40.77,1022.37,90.3
13.07,43.13,1016.93,70.02
21.05,63.09,1016.49,91.23
14.18,40.69,1014.73,74.88
13.84,42.18,1015.74,79.76
12.07,41.17,1013.54,71.32
21.39,58.05,1013.03,86.44
16.31,52.75,1024.4,55.69
27.37,70.72,1009.77,67.87
23.69,71.97,1009.62,93.03
30.04,67.25,1017.57,38.14
9.15,40.11,1023.82,75.4
23.5,59.21,1018.29,63.0
19.94,65.46,1017.7,68.94
12.23,41.58,1018.76,87.66
28.76,60.23,1010.03,58.24
28.07,74.33,1012.0,71.69
32.48,69.89,1013.98,46.39
12.82,43.5,1022.38,84.32
27.44,66.56,1005.51,69.28
25.38,71.73,1009.97,72.6
24.72,77.54,1008.39,81.03
5.78,45.87,1012.65,88.8
28.9,68.12,1011.87,46.56
21.71,60.77,1017.95,85.07
22.79,50.78,1008.65,58.39
19.94,56.53,1020.48,76.43
15.15,53.82,1016.34,62.59
17.61,56.53,1019.5,82.3
14.45,43.34,1015.47,83.33
28.44,77.54,1011.73,77.3
18.98,38.52,1018.85,63.16
18.91,45.01,1012.9,59.81
19.76,48.92,1010.48,46.57
21.92,66.54,1012.49,79.82
20.83,70.72,1009.56,89.37
16.05,65.46,1013.92,87.99
14.76,43.79,1016.17,75.72
26.8,72.58,1008.94,78.24
6.63,39.42,1024.81,72.58
18.37,58.96,1015.5,67.79
34.48,74.34,1000.91,42.61
17.37,57.76,1016.0,86.59
24.2,60.77,1016.92,71.65
32.06,75.33,1001.96,63.15
30.91,76.2,1008.53,58.08
12.01,41.48,1017.75,66.67
13.09,43.67,1012.22,91.91
24.8,50.23,1016.62,63.13
23.71,68.63,1014.54,46.04
26.68,62.91,1012.33,60.78
13.09,41.62,1011.82,83.14
8.35,40.46,1019.23,73.26
10.15,43.41,1018.4,82.07
10.91,42.34,1021.83,94.99
27.78,77.17,1009.11,86.54
27.11,69.75,1009.74,85.67
17.9,48.98,1014.17,80.4
14.33,42.86,1010.82,88.59
6.5,38.5,1013.92,90.1
27.1,73.21,1002.97,89.68
20.73,41.1,1001.86,47.51
28.86,73.18,1012.46,68.8
15.01,42.77,1018.21,73.22
30.62,66.54,1004.11,55.36
12.22,40.78,1024.02,85.46
14.24,44.84,1023.6,94.06
22.94,61.5,1008.25,73.45
25.86,61.08,1013.51,67.5
19.11,50.16,1010.88,100.09
27.58,78.05,1010.83,94.98
25.27,67.07,1006.34,66.35
17.34,45.01,1013.22,77.71
16.61,43.77,1012.25,77.23
14.29,39.59,1012.36,92.38
25.16,74.33,1014.55,76.7
17.28,44.06,1018.15,66.93
9.65,41.03,1021.09,64.97
24.74,69.13,1010.69,90.08
18.06,50.16,1009.52,100.09
26.79,62.44,1011.51,72.46
11.6,39.1,1009.81,100.09
15.29,41.1,1005.75,85.53
7.87,42.85,1012.18,94.21
9.23,42.44,1014.34,94.2
15.34,41.23,996.87,86.56
8.11,41.92,1029.61,91.92
21.52,46.21,1010.62,67.62
19.68,51.19,1008.64,94.88
14.16,44.58,1020.75,77.42
18.67,44.06,1017.13,77.18
23.37,63.77,1013.42,76.44
28.43,68.08,1011.32,58.19
22.08,55.5,1018.42,58.46
18.01,62.26,1011.89,89.29
29.35,69.04,1008.55,61.78
23.08,61.86,1013.44,84.64
29.8,69.34,1009.36,64.74
9.28,41.38,1021.96,72.22
14.79,44.06,1018.53,74.79
11.86,40.55,1019.82,91.45
7.34,40.72,1023.01,80.08
9.12,41.49,1020.58,96.23
10.18,35.76,1019.71,66.7
25.9,47.45,1007.8,55.96
25.96,71.64,1003.84,86.83
18.64,43.79,1016.01,51.17
22.08,41.1,1002.19,46.69
6.03,41.14,1028.04,87.46
15.89,43.96,1014.02,75.24
20.46,51.43,1010.06,83.79
10.54,41.93,1016.64,93.52
15.24,48.6,1007.08,86.49
20.26,50.32,1009.81,93.12
14.22,39.39,1014.16,80.22
13.4,40.89,1010.67,91.66
31.94,74.99,1002.05,34.12
21.09,59.8,1016.94,76.95
24.44,73.5,1011.49,87.39
11.41,40.62,1015.56,57.62
28.3,59.27,1010.92,61.83
20.12,58.12,1015.47,79.38
11.44,44.2,1018.14,84.9
15.59,52.05,1013.67,78.55
6.31,42.07,1004.61,77.74
26.86,70.47,1007.18,72.38
19.45,58.95,1017.79,93.46
26.76,70.98,1007.64,90.51
21.55,44.58,1017.2,46.64
11.77,40.0,1021.08,85.08
31.23,72.58,1006.61,60.8
28.86,49.3,1003.93,52.85
16.78,41.35,1000.23,70.52
13.32,38.73,1005.37,88.48
29.16,73.17,1010.96,67.77
15.59,52.75,1024.3,59.93
20.59,42.04,1009.78,62.77
13.43,50.59,1020.38,86.3
27.37,65.06,1013.09,50.92
12.63,41.48,1009.61,87.69
22.75,58.86,1016.0,67.34
16.0,43.02,1012.37,39.2
7.61,39.37,1015.84,83.73
25.66,77.54,1008.22,78.42
12.12,41.17,1017.68,78.72
16.66,41.16,1007.37,76.82
28.33,68.27,1008.09,50.37
29.12,66.51,1015.69,37.9
8.09,43.02,1014.79,81.06
22.56,60.29,1018.19,67.53
21.87,61.45,1011.13,92.22
31.76,66.54,1003.02,49.64
7.55,41.04,1027.03,83.32
23.17,51.19,1009.5,76.15
26.82,66.51,1016.32,55.76
4.93,35.19,1018.04,92.94
20.11,57.25,1010.36,88.89
26.14,72.99,1007.49,81.72
27.98,74.87,1010.02,66.44
27.57,60.07,1016.52,54.75
9.23,37.36,1015.01,67.38
23.04,64.27,1014.29,80.23
31.55,69.75,1010.12,58.36
21.32,59.8,1016.26,76.26
19.11,44.85,1014.76,45.86
9.27,36.3,1026.93,72.13
30.28,79.74,1006.96,70.21
8.07,41.01,1023.26,97.5
21.04,47.43,1007.15,64.82
32.48,69.75,1009.05,40.47
16.58,44.68,1021.5,83.38
27.26,73.18,1012.58,74.83
9.87,42.74,1024.61,87.74
23.95,66.48,1003.55,73.68
15.47,44.9,1021.59,81.74
23.37,63.87,1016.67,60.44
19.94,61.87,1009.7,66.6
13.42,40.35,1011.2,77.0
12.75,44.03,1007.29,89.46
9.13,39.16,1014.14,86.17
11.58,39.69,1005.17,86.55
27.96,73.42,1011.11,71.93
19.89,51.43,1007.33,92.08
12.65,44.03,1007.13,85.23
30.29,74.16,1008.77,75.23
22.27,48.98,1014.47,49.33
22.92,58.62,1016.37,71.38
27.9,63.13,1011.8,70.04
17.92,44.2,1018.97,53.8
8.64,34.69,1026.79,80.88
16.15,41.85,1016.54,81.58
13.58,44.47,1029.91,70.41
24.09,63.94,1017.59,51.02
13.97,53.82,1016.81,62.32
10.8,40.69,1014.3,87.44
14.34,42.86,1031.75,66.81
16.13,53.82,1015.63,63.08
13.76,45.87,1008.89,87.27
18.5,51.43,1010.82,92.04
23.96,51.3,1011.81,71.81
12.81,45.51,1015.46,79.97
16.46,48.6,1006.08,89.0
30.67,72.86,1004.25,52.72
30.13,68.94,1005.88,40.71
18.37,51.86,1018.8,74.3
6.54,39.33,1011.54,93.69
7.68,38.06,1020.92,83.87
18.26,69.94,1004.1,97.39
29.09,67.07,1005.99,41.39
6.39,35.57,1025.53,77.23
20.06,47.03,1013.66,83.23
28.73,50.05,1005.79,52.4
24.27,57.85,1012.81,63.48
17.83,44.92,1025.04,70.58
23.81,66.51,1016.96,70.16
6.13,40.81,1026.31,91.66
30.98,67.48,1009.96,58.92
13.56,39.18,1023.4,63.82
10.2,41.46,1019.12,83.26
12.0,41.5,1013.21,86.75
29.45,64.96,1005.52,59.92
12.87,41.5,1013.51,85.72
24.9,71.77,1006.24,85.25
25.54,61.08,1013.14,71.15
6.34,40.64,1020.62,94.39
10.35,39.82,1013.33,94.78
15.59,45.09,1013.41,91.97
24.47,58.05,1011.27,71.7
27.76,72.99,1007.81,71.66
8.28,40.77,1011.55,89.79
32.84,68.14,1003.59,43.88
16.71,46.18,1012.06,96.6
22.19,58.49,1010.91,77.03
33.4,69.98,1013.29,47.78
24.66,60.29,1018.0,59.56
11.74,40.71,1020.64,82.15
26.42,59.54,1007.02,76.28
27.4,69.13,1001.4,82.47
23.74,63.9,1014.73,81.9
31.87,71.22,1006.16,45.66
7.01,37.8,1021.47,62.84
10.38,43.02,1013.37,78.53
18.63,45.87,1007.98,79.9
6.22,39.33,1012.31,93.23
30.36,74.87,1008.96,61.87
11.72,40.35,1012.08,83.98
15.7,44.21,1021.26,86.83
15.98,39.64,1009.31,81.21
7.99,41.38,1021.95,78.77
8.02,41.92,1029.8,92.05
14.16,39.28,1015.63,77.29
23.7,62.91,1012.26,57.89
24.11,68.63,1014.34,45.28
31.1,68.51,1012.99,54.3
22.18,59.39,1014.82,85.31
30.8,73.56,1007.39,75.78
15.86,43.02,1012.18,40.33
18.62,44.06,1017.76,64.59
23.07,69.23,1011.78,76.06
28.4,75.23,1011.12,55.01
22.89,48.98,1014.55,48.21
9.15,41.82,1032.88,75.11
9.73,38.56,1017.18,61.81
14.85,45.01,1013.12,85.53
10.47,43.14,1010.35,86.86
20.25,57.76,1016.28,77.76
29.99,74.9,1003.84,64.43
20.63,43.77,1010.71,62.34
31.17,69.51,1010.51,43.11
8.49,43.69,1016.93,85.63
24.48,69.13,1002.88,69.43
15.74,71.14,1019.65,65.94
14.78,38.58,1017.02,82.4
21.64,50.32,1008.41,86.32
11.74,43.56,1015.14,70.72
30.59,70.04,1010.28,50.56
23.59,47.43,1006.64,48.92
19.66,42.18,1001.51,95.75
11.08,38.16,1014.45,74.99
30.56,71.25,1000.3,70.55
27.75,70.4,1006.65,90.21
13.47,44.88,1017.56,93.23
30.34,68.08,1010.85,49.4
8.25,37.49,1009.02,81.09
16.7,46.18,1011.2,96.84
14.77,44.9,1020.5,84.31
22.92,63.94,1019.28,42.69
14.5,41.76,1023.94,84.42
31.11,74.16,1012.2,58.86
26.86,71.14,1007.11,76.61
16.81,42.86,1013.83,77.11
17.35,47.83,1006.71,80.57
6.29,40.78,1024.75,96.37
7.54,40.72,1023.82,85.15
13.44,39.39,1012.93,84.29
8.57,41.17,1020.18,72.47
30.26,77.24,1008.39,74.25
24.8,65.48,1018.56,62.05
34.6,64.96,1003.3,34.32
26.37,54.5,1014.48,66.31
12.06,52.72,1024.53,80.05
31.1,69.51,1010.84,45.4
14.12,41.39,1018.73,76.51
5.29,41.38,1020.62,83.83
25.43,70.17,1000.46,87.84
17.8,62.26,1011.81,89.81
20.13,43.43,1009.75,66.16
24.28,71.98,1006.34,90.45
5.47,38.68,1017.33,72.71
16.45,41.48,1016.64,45.21
8.75,40.22,1008.96,90.53
31.95,70.79,1003.8,55.25
21.65,56.89,1013.13,66.07
28.56,69.51,1012.45,46.59
12.05,48.04,1009.14,100.13
12.85,41.14,1027.04,86.29
19.4,49.69,1012.89,75.53
20.14,65.06,1014.81,80.01
13.45,42.44,1012.79,83.12
31.01,69.13,1000.93,62.96
27.0,69.4,1004.86,82.2
27.03,71.14,1010.33,66.25
26.96,65.34,1015.05,46.93
16.6,41.93,1022.01,48.98
30.98,71.29,1008.78,47.7
16.77,38.01,1023.04,65.5
18.05,56.03,1020.69,77.87
19.64,44.6,1015.88,47.56
21.01,50.9,1012.24,70.82
21.43,63.94,1017.28,57.49
17.12,68.28,1003.56,94.29
7.29,40.96,1023.01,90.78
19.67,60.77,1017.33,88.13
13.18,37.91,1018.09,88.84
30.61,77.17,1009.49,73.19
21.29,47.45,1008.85,71.6
18.88,65.94,1010.43,85.54
14.19,43.71,1024.38,83.03
22.19,62.96,1019.54,67.96
24.44,72.99,1008.38,91.66
9.59,40.11,1026.05,74.27
29.16,55.68,1004.84,55.68
7.03,41.74,1021.92,86.44
22.36,59.44,1013.1,84.74
29.45,69.13,1009.3,52.97
6.06,41.17,1019.67,84.7
9.66,41.06,1021.21,84.7
23.66,62.08,1022.42,64.13
28.36,66.75,1017.71,52.6
7.69,38.06,1020.72,83.47
6.42,35.57,1025.58,79.63
18.74,44.34,1019.4,55.16
16.88,43.67,1011.43,73.98
14.24,41.4,1019.7,70.32
8.73,41.26,1020.54,91.37
22.21,45.01,1012.22,54.84
18.96,44.58,1016.66,71.95
25.47,65.34,1015.3,50.31
23.26,58.2,1016.72,57.98
11.87,36.43,1023.42,79.5
26.26,65.06,1013.58,52.72
9.39,39.66,1019.22,75.33
19.47,58.79,1016.8,87.26
7.2,40.02,1031.71,69.89
25.14,69.13,1011.15,85.67
13.53,38.73,1004.86,85.38
17.01,49.15,1021.83,84.02
10.12,40.0,1021.15,91.67
15.07,39.82,1012.78,84.46
13.94,41.58,1020.76,68.22
24.63,59.57,1010.45,85.36
16.69,43.52,1021.78,80.87
25.53,59.57,1010.65,82.04
15.51,41.76,1022.81,69.55
24.38,57.17,1009.85,74.46
12.8,44.34,1016.52,86.73
12.15,38.78,1013.34,95.05
16.37,36.99,1006.37,90.11
16.59,43.56,1012.88,59.61
29.43,66.75,1017.63,42.72
26.45,71.37,1008.0,77.06
20.83,44.78,1008.51,35.9
28.21,70.02,1010.58,51.34
26.75,60.96,1012.05,56.77
23.76,58.41,1013.85,85.38
24.42,64.79,1016.12,69.32
8.99,41.26,1020.52,91.96
24.13,48.98,1014.74,40.13
10.32,42.02,998.27,99.12
10.2,41.01,1021.39,96.64
25.56,74.99,1005.41,85.75
11.67,37.73,1021.2,68.88
16.82,41.66,1010.49,63.14
11.43,44.78,1013.43,82.45
24.31,67.79,1010.64,76.15
12.34,40.1,1015.77,92.26
3.51,35.47,1017.53,86.56
18.26,59.15,1012.04,86.01
18.34,50.59,1018.42,83.95
28.81,69.23,1013.14,39.18
32.45,44.37,1005.05,44.37
20.31,45.87,1007.89,73.7
15.22,41.67,1013.18,67.17
21.25,66.86,1012.99,60.65
15.46,44.6,1017.7,68.2
24.54,72.24,1011.43,74.1
26.23,70.72,1009.73,73.44
25.45,75.23,1011.41,73.33
18.89,67.71,1003.92,86.12
30.53,65.18,1012.69,41.85
19.87,48.14,1016.94,81.56
8.9,40.77,1011.67,90.26
23.39,61.87,1010.35,48.91
12.68,43.7,1016.07,86.89
32.63,73.88,1005.64,52.56
16.13,43.48,1014.41,50.05
4.78,42.85,1013.07,94.72
19.82,46.63,1013.17,87.1
10.73,44.92,1025.1,85.4
11.64,41.39,1017.36,83.4
21.31,42.8,1014.1,75.77
13.66,45.0,1021.97,79.04
23.03,68.08,1012.63,70.37
20.29,49.69,1008.94,69.91
28.55,74.33,1011.77,73.34
30.08,68.14,1003.99,77.38
17.3,46.21,1013.56,87.57
26.13,73.21,1002.12,92.02
30.51,70.94,1007.64,59.42
33.82,73.03,1013.49,42.17
21.75,65.12,1015.53,66.0
13.58,40.75,1016.05,76.45
22.32,64.27,1014.35,82.98
8.16,39.3,1019.39,85.38
27.28,78.92,1011.05,75.48
17.55,48.78,1016.81,91.27
18.17,52.08,1001.91,100.09
9.47,36.54,1007.93,77.65
26.11,70.36,1007.64,70.12
27.12,70.32,1009.94,52.67
17.29,42.86,1014.38,72.3
18.12,58.95,1017.82,86.16
11.75,35.76,1018.99,57.92
10.93,39.22,1019.44,64.94
13.68,41.7,1019.19,84.07
25.05,58.59,1013.37,66.14
24.25,74.93,1013.07,69.31
22.21,69.71,1009.69,96.85
26.27,59.44,1012.23,58.77
6.22,39.85,1012.05,86.88
19.57,68.61,1011.13,96.4
20.09,63.94,1020.82,74.16
32.19,69.13,1000.45,48.22
22.65,57.85,1012.6,68.52
12.89,36.71,1013.36,87.29
20.3,56.53,1020.27,76.49
22.83,70.79,1006.36,92.07
12.64,40.71,1024.2,65.21
9.38,43.7,1015.45,90.47
30.57,58.9,1004.54,54.37
12.64,40.69,1015.86,82.06
30.78,73.67,1005.97,58.7
7.19,38.91,1016.53,88.61
11.11,40.55,1023.91,87.12
20.11,51.19,1007.82,92.06
17.96,47.83,1005.0,85.72
24.42,63.31,1012.64,71.8
22.53,62.39,1007.84,86.4
23.7,64.45,1012.87,38.24
28.55,69.84,1003.38,67.26
8.37,40.92,1021.82,86.03
26.92,62.44,1011.09,70.8
19.93,57.25,1010.6,89.34
26.88,69.51,1012.76,45.03
10.22,39.96,1025.05,96.05
25.16,68.08,1010.89,70.16
12.88,44.34,1016.03,88.51
6.37,41.03,1022.23,80.36
23.42,58.79,1009.74,81.54
13.76,45.08,1023.77,80.48
27.33,51.43,1006.18,67.6
18.59,39.54,1008.56,68.61
24.8,59.87,1018.79,60.79
18.64,67.71,1003.84,89.63
27.14,70.32,1007.08,73.08
28.54,69.59,1008.84,78.62
20.77,52.05,1012.22,45.61
13.52,42.07,1017.91,90.21
8.97,44.03,1013.16,80.39
26.31,44.57,1007.51,52.6
21.23,61.5,1008.98,82.14
22.53,58.62,1016.28,72.78
28.15,71.25,1000.51,81.04
22.34,63.73,1014.37,83.19
24.04,72.43,1008.02,87.2
29.51,75.6,1017.92,50.61
32.51,69.98,1011.92,49.45
14.79,46.48,1007.46,92.4
7.68,42.85,1012.51,91.51
27.42,65.74,1013.43,69.42
29.59,71.77,1006.33,62.35
27.11,48.6,1002.78,53.39
7.5,40.02,1031.39,82.53
13.09,43.02,1013.17,46.73
26.66,64.27,1012.83,58.88
30.31,70.36,1006.55,59.92
21.83,57.85,1012.49,75.16
27.69,73.91,1005.23,75.71
32.22,70.8,1009.9,62.03
8.87,41.16,1023.17,94.13
14.13,43.41,1015.26,55.63
14.8,43.99,1022.89,85.25
5.01,39.4,1003.69,91.9
7.51,43.02,1014.35,86.46
30.28,74.67,1016.45,55.76
9.0,43.13,1020.25,81.32
21.12,62.52,1015.62,78.98
28.29,68.67,1005.46,69.22
15.81,54.3,1017.8,68.45
24.31,63.86,1019.47,58.54
23.74,65.34,1013.7,62.9
29.3,69.48,1010.1,53.69
24.22,62.08,1022.53,60.79
16.22,46.36,1020.04,91.73
30.48,70.04,1010.73,53.7
14.04,40.83,1008.98,82.04
5.15,40.07,1012.27,63.31
16.73,54.3,1017.96,59.44
12.31,37.73,1023.3,63.01
26.77,74.22,1008.87,74.68
27.63,70.17,1000.42,85.22
12.34,43.22,1009.28,78.23
23.58,49.3,1003.8,74.62
15.28,48.14,1012.55,69.65
12.43,41.62,1011.87,80.57
23.24,51.95,1006.21,78.08
27.36,48.6,1003.18,54.93
18.5,47.03,1013.97,93.6
5.72,39.33,1009.96,95.4
21.53,70.02,1010.33,95.95
25.14,64.63,1020.63,54.0
19.71,43.43,1009.58,65.71
11.43,41.16,1022.81,92.04
24.4,69.94,1005.75,58.1
22.93,51.19,1009.3,82.8
16.76,48.14,1012.92,65.74
22.7,61.41,1012.08,78.08
19.81,66.54,1013.88,80.09
10.25,41.46,1020.65,87.07
31.74,72.25,1012.21,41.62
28.75,64.69,1007.1,60.37
16.98,43.99,1021.65,81.17
25.17,72.39,1001.69,90.51
11.31,42.02,1001.18,94.86
13.72,54.3,1017.89,79.08
28.64,69.23,1013.11,37.13
19.72,47.03,1012.1,90.36
13.67,38.53,1009.3,81.85
32.51,71.22,1005.62,47.6
24.96,60.27,1018.68,69.97
22.25,60.77,1017.8,82.19
26.75,43.21,1012.29,87.28
31.24,72.39,999.47,68.17
26.26,73.06,1009.35,91.65
18.7,52.72,1024.84,57.72
28.1,61.02,1011.28,59.05
25.62,60.29,1017.81,51.24
31.19,68.3,1014.86,39.1
27.5,59.54,1004.88,72.7
28.61,69.75,1009.82,71.7
9.45,36.71,1024.24,83.28
27.19,64.96,1006.71,73.99
15.52,41.93,1022.97,52.92
30.32,74.22,1008.31,53.14
18.71,53.16,1013.26,82.64
23.48,64.15,1021.08,57.77
13.18,43.72,1010.59,99.09
25.18,61.08,1013.08,80.75
11.85,42.07,1017.92,93.45
24.75,69.89,1015.29,82.01
6.79,38.5,1012.61,72.46
20.42,45.01,1012.23,66.5
19.41,64.45,1009.44,64.05
17.25,43.14,1018.34,76.17
11.27,40.69,1014.35,86.63
25.2,57.5,1015.19,59.62
22.98,51.95,1006.83,74.92
22.83,65.18,1012.24,79.74
27.82,52.84,1006.23,52.18
11.89,40.03,1019.53,89.48
33.73,69.88,1007.21,42.93
33.17,70.4,1004.45,58.0
17.25,39.39,1014.27,67.8
6.87,39.85,1012.66,83.34
11.09,41.58,1020.99,91.09
27.52,74.67,1015.77,72.01
11.15,40.64,1020.65,97.95
16.3,39.63,1004.64,85.61
8.05,40.8,1028.01,89.56
18.4,40.79,1006.18,92.36
13.11,41.58,1020.43,74.32
15.66,43.99,1021.18,88.62
11.98,39.35,1014.97,98.05
18.21,49.69,1013.54,80.16
15.86,43.67,1011.11,82.24
31.09,74.22,1007.56,46.36
9.44,40.0,1015.62,81.16
12.0,41.17,1019.48,58.71
12.61,41.79,1015.82,91.9
15.82,44.2,1018.96,66.73
24.29,57.5,1014.85,67.28
20.83,49.02,1009.45,91.92
13.44,39.64,1013.23,73.43
10.36,41.46,1017.53,92.04
7.95,40.72,1023.7,84.19
25.2,59.21,1017.54,55.53
20.76,58.79,1017.22,78.75
22.38,71.85,1009.56,74.91
2.58,39.42,1028.68,69.03
16.72,44.78,1007.75,56.79
16.58,41.93,1022.36,45.24
18.87,62.96,1020.55,82.87
12.35,40.8,1027.35,72.69
15.27,38.73,1002.83,77.77
28.07,66.17,1010.58,64.11
14.74,43.99,1023.13,86.31
30.35,69.51,1009.95,39.24
21.59,66.54,1004.88,90.54
21.63,71.85,1009.44,76.89
17.69,46.36,1019.55,86.64
25.07,77.95,1012.87,83.0
28.07,61.47,1008.68,64.83
4.27,39.64,1010.99,84.85
30.92,59.57,1010.87,62.43
30.52,70.4,1003.9,64.33
14.09,41.66,1009.25,71.4
18.8,39.72,1001.24,63.8
3.68,39.64,1011.31,84.05
31.46,77.17,1009.26,59.61
21.18,45.01,1012.57,48.05
7.53,41.74,1022.45,90.85
12.97,40.75,1016.05,79.67
22.04,59.14,1017.34,84.75
31.13,64.05,1011.51,61.27
33.15,70.4,1003.72,53.98
26.97,71.58,1010.13,75.16
24.65,72.43,1007.99,90.05
13.93,40.2,1013.41,89.86
31.54,77.24,1008.23,70.19
21.47,60.77,1018.06,85.73
28.82,71.8,1010.97,67.64
8.67,40.77,1011.81,89.4
24.04,68.94,1007.62,69.11
18.25,43.14,1011.51,55.16
9.82,39.64,1010.79,69.22
26.7,66.56,1005.31,71.97
23.42,63.07,1011.72,75.81
22.35,58.59,1013.99,79.78
18.18,61.87,1008.64,66.28
30.96,69.82,1009.6,51.55
22.76,49.02,1007.5,88.56
19.65,62.1,1019.46,77.82
23.23,63.31,1012.52,75.1
14.77,39.16,1016.12,81.88
27.01,43.77,1011.18,46.58
27.74,74.78,1010.05,60.82
27.71,62.39,1006.43,68.21
18.91,56.9,1006.98,84.07
27.44,59.74,1010.99,56.42
28.55,65.27,1013.34,48.95
11.52,39.18,1023.43,83.29
16.72,53.82,1015.46,66.9
22.22,59.14,1017.32,83.41
22.89,80.25,1006.38,80.25
28.98,62.66,1009.1,52.62
7.54,38.56,1016.49,69.1
13.65,44.6,1017.99,87.04
12.19,41.17,1019.43,65.47
3.95,35.47,1017.36,84.88
22.73,63.73,1009.12,94.8
11.51,41.06,1021.3,78.11
26.3,51.43,1012.05,63.62
15.92,41.2,1016.04,73.37
18.14,43.56,1012.83,47.1
19.83,59.21,1012.67,96.42
32.98,71.32,1003.67,49.78
19.69,56.65,1020.77,62.83
10.74,44.85,1014.25,71.61
14.24,45.01,1013.54,88.68
16.0,40.66,1016.12,89.23
13.32,41.7,1020.22,88.3
22.69,48.14,1013.7,62.05
13.18,40.83,1007.67,95.44
16.32,43.14,1014.72,70.43
19.06,50.16,1011.36,99.64
11.98,44.58,1016.45,78.8
25.28,66.25,1009.77,84.55
18.34,45.64,1019.05,82.53
28.95,73.4,1011.33,55.14
13.25,44.92,1024.11,89.34
25.45,72.24,1011.44,80.54
27.01,67.98,1006.01,67.98
21.46,74.87,1009.23,86.58
13.67,41.48,1017.51,63.54
24.67,63.56,1013.75,67.56
10.29,40.0,1021.46,90.6
16.03,65.46,1013.96,87.56
21.5,45.38,1013.88,64.28
21.92,61.87,1009.68,58.83
26.2,60.07,1014.75,59.41
9.53,40.62,1015.57,75.49
12.59,41.14,1025.79,86.55
8.94,36.71,1025.5,80.45
19.12,50.16,1011.52,99.71
7.38,41.22,1016.47,96.29
27.82,59.15,1012.74,42.78
29.28,74.33,1011.66,72.37
13.33,39.39,1013.93,84.74
5.66,40.0,1022.08,93.03
12.51,43.67,1013.24,91.55
26.9,69.59,1008.9,85.08
29.25,71.94,1007.18,63.62
26.58,62.39,1006.36,68.98
13.99,36.71,1013.43,83.13
30.83,77.3,1001.7,57.85
27.89,73.17,1009.85,64.22
21.95,68.63,1012.8,61.55
8.51,40.81,1015.54,83.16
7.08,39.99,1010.55,91.44
17.18,40.55,1000.47,72.03
19.45,38.52,1017.99,62.86
10.15,41.46,1019.78,83.56
20.11,42.04,1010.79,60.31
26.08,70.32,1012.32,89.0
13.45,45.87,1008.73,87.06
25.5,68.08,1011.13,72.86
30.52,71.77,1006.22,56.4
9.33,39.96,1024.55,98.58
9.96,39.66,1015.23,82.98
27.21,67.45,1013.83,43.26
23.19,49.82,1014.59,70.52
17.34,47.03,1013.36,98.13
21.55,44.05,1005.69,84.05
8.51,38.5,1013.33,64.28
23.21,74.22,1009.68,88.46
23.02,63.47,1012.21,80.61
23.55,61.87,1009.65,54.83
12.25,40.75,1016.02,82.4
9.29,39.04,1022.72,74.29
11.28,43.41,1017.91,81.03
11.73,40.64,1020.68,96.98
29.04,60.07,1015.42,46.15
19.7,43.79,1015.93,47.39
27.01,52.3,1007.78,60.38
18.35,57.76,1019.64,77.94
28.52,70.02,1010.34,54.21
8.8,39.42,1025.17,68.72
11.54,45.0,1022.77,80.79
27.37,72.58,1008.16,79.94
15.77,41.79,1007.96,80.69
14.1,44.84,1025.09,79.42
30.68,69.68,1012.86,56.56
9.26,40.11,1024.38,74.82
23.76,70.32,1012.13,78.84
25.64,68.14,1005.48,56.11
11.92,38.25,1013.13,84.92
27.17,73.5,1010.36,73.29
13.32,44.2,1020.02,78.78
18.22,49.25,1020.33,61.87
7.57,37.49,1009.73,83.07
8.26,39.42,1025.89,70.53
4.99,41.03,1022.33,83.11
27.61,59.54,1005.84,71.27
29.92,67.22,1014.09,50.62
18.06,52.08,1003.73,100.09
23.38,48.78,1019.03,78.69
5.96,36.25,1029.4,88.63
10.75,40.81,1015.93,79.27
24.5,60.77,1017.15,73.66
20.07,49.21,1012.34,56.8
26.81,71.29,1009.65,80.69
8.1,40.64,1020.66,89.04
12.74,44.03,1007.62,97.64
10.62,39.64,1010.51,68.55
4.93,38.44,1015.65,71.47
27.37,63.31,1012.89,60.11
10.8,41.74,1020.24,78.62
29.42,74.9,1004.11,64.53
25.01,59.54,1007.91,80.93
21.71,61.45,1010.97,91.62
27.09,73.5,1011.34,76.06
30.32,64.69,1006.35,51.36
20.54,68.12,1012.23,81.06
23.99,50.32,1008.41,67.4
32.28,75.33,1002.14,62.49
29.98,47.93,1002.46,42.73
23.97,62.44,1013.64,88.5
14.77,49.15,1020.56,80.27
24.85,67.9,1005.9,64.55
7.17,41.92,1031.97,83.86
23.66,72.43,1008.0,89.49
23.97,64.05,1012.23,90.18
25.52,71.73,1009.91,79.55
16.64,48.92,1011.55,78.76
18.72,60.07,1015.81,70.55
7.32,39.42,1026.15,76.51
11.82,41.74,1022.36,74.06
30.61,68.84,1011.18,52.5
8.68,39.61,1021.54,77.98
29.93,71.85,1008.43,66.64
29.6,71.94,1007.07,62.65
21.76,60.27,1018.96,85.06
14.45,52.75,1023.97,63.59
7.99,36.08,1020.08,83.2
20.01,68.63,1012.34,69.49
5.33,39.33,1009.61,94.97
24.6,63.78,1017.25,60.33
13.26,42.99,1007.58,94.26
20.21,60.84,1018.5,82.73
18.75,41.1,1001.97,59.6
31.07,73.5,1010.58,43.66
17.92,50.66,1012.62,93.0
14.3,53.82,1016.64,63.9
6.03,41.17,1019.81,84.2
19.09,39.39,1013.36,59.14
22.55,69.84,1006.57,76.29
6.4,41.17,1019.54,85.37
24.29,62.91,1013.04,65.85
25.52,61.25,1012.84,75.98
14.56,41.76,1023.82,85.36
14.78,54.3,1016.96,68.53
11.05,40.71,1024.91,76.42
11.93,41.38,1021.76,57.63
21.35,58.16,1017.21,67.66
26.25,52.09,1013.2,53.12
23.92,73.17,1011.81,92.33
15.45,45.0,1023.63,70.74
17.36,44.63,1020.49,54.21
27.51,63.73,1009.97,66.14
24.76,63.07,1012.73,70.39
25.51,73.56,1006.59,96.63
15.48,47.83,1004.88,81.68
13.13,50.59,1020.26,87.44
26.81,74.9,1003.99,79.88
13.31,42.18,1016.0,83.94
31.68,73.68,1014.85,64.0
22.99,56.57,1013.93,78.77
22.96,70.79,1005.68,93.93
29.45,68.84,1011.64,59.7
17.14,40.55,1000.05,71.41
29.19,70.32,1008.28,55.42
24.81,63.73,1009.34,83.61
23.04,57.32,1011.23,64.27
28.31,74.34,998.42,79.23
21.58,63.87,1015.27,63.15
17.86,52.9,1015.71,67.99
32.15,69.98,1013.3,55.13
13.46,44.71,1014.51,50.0
14.48,40.83,1009.42,81.74
23.87,63.94,1019.02,44.28
25.54,49.16,1003.64,47.4
30.07,70.04,1010.84,55.74
12.69,40.71,1021.62,80.19
14.18,53.82,1016.9,64.57
20.73,59.87,1019.08,80.48
23.14,62.26,1011.87,66.44
21.29,51.43,1011.31,90.12
26.45,64.27,1013.23,60.92
9.49,40.69,1015.09,91.31
17.13,42.86,1014.15,73.6
26.86,72.58,1009.22,88.39
8.58,40.72,1022.04,87.55
25.31,49.82,1014.62,62.15
12.24,41.2,1012.48,89.85
20.29,65.27,1013.17,74.94
21.41,59.43,1010.27,74.54
15.96,41.66,1011.93,55.47
25.24,68.28,1000.26,78.17
13.85,48.06,1011.13,75.2
13.35,39.64,1010.1,93.3
15.67,45.17,1018.73,94.74
13.56,42.34,1017.95,93.83
12.85,40.0,1015.89,68.85
27.68,69.34,1008.28,70.9
14.74,43.71,1024.35,81.53
13.78,39.85,1012.7,71.99
30.7,67.69,1005.92,51.58
20.51,63.86,1020.65,75.36
18.64,52.08,1004.24,99.9
10.75,45.01,1018.73,93.16
14.84,44.63,1019.28,57.37
12.24,40.96,1023.52,81.09
9.33,42.49,1008.93,82.59
32.34,74.99,1002.77,42.83
30.15,72.51,1009.37,50.64
8.88,41.54,1019.05,80.77
26.38,65.12,1016.1,47.57
8.41,40.67,1019.97,69.2
26.73,77.95,1012.31,78.35
19.05,44.06,1017.02,73.76
19.65,44.89,1009.76,75.36
29.34,74.34,998.58,81.55
15.82,43.34,1014.52,79.07
25.21,69.48,1010.99,75.27
26.17,70.47,1010.25,68.96
21.8,51.3,1012.07,89.51
10.05,41.58,1021.35,95.19
8.23,41.01,1022.89,98.03
24.16,60.29,1018.09,63.49
15.79,44.89,1010.19,84.61
13.83,40.2,1013.28,90.44
26.27,71.98,1005.72,86.15
11.76,40.96,1023.22,81.31
17.68,40.89,1011.24,61.37
14.86,37.85,1010.58,86.8
15.75,36.99,1007.67,93.8
30.56,69.14,1007.49,71.0
29.25,69.13,1010.27,67.35
14.87,35.71,1015.53,57.7
12.3,39.85,1012.59,73.38
15.29,38.73,1000.9,81.17
17.79,43.52,1020.65,68.29
6.94,38.91,1018.94,90.64
11.67,41.93,1019.81,82.58
26.1,62.91,1012.44,60.91
20.6,44.58,1017.67,48.36
25.96,60.32,1016.17,55.51
32.86,68.51,1008.43,46.78
21.9,66.54,1004.76,89.99
5.47,40.62,1018.66,83.61
16.55,39.64,1009.07,77.8
12.95,41.23,993.74,96.35
28.69,73.18,1012.23,68.57
8.87,41.82,1033.3,74.28
32.31,66.44,1009.6,63.92
33.95,68.14,1002.33,48.98
22.18,62.39,1007.84,85.74
14.69,53.82,1016.54,63.49
21.34,51.61,1010.11,80.7
19.27,50.12,1007.61,100.11
28.87,72.58,1008.69,79.34
27.08,62.91,1011.9,62.58
7.28,40.67,1020.16,72.7
25.41,66.49,1014.06,51.09
21.49,56.9,1007.47,66.66
30.66,66.25,1007.67,63.03
22.49,58.82,1009.73,85.19
26.29,56.85,1012.68,60.33
30.24,66.75,1017.95,55.66
33.59,79.05,1007.79,63.55
12.27,41.17,1019.41,58.1
6.59,39.37,1020.34,77.92
11.97,45.51,1016.84,81.47
9.76,40.71,1020.88,91.82
25.31,67.9,1006.34,68.04
16.22,50.88,1014.33,100.09
24.62,72.24,1011.39,83.94
22.72,65.61,1014.64,70.53
19.18,58.2,1017.46,76.72
13.29,71.14,1019.63,75.09
22.32,59.8,1016.82,64.18
12.25,41.38,1021.81,59.0
19.94,44.9,1008.52,74.69
15.18,44.2,1019.6,72.45
7.87,43.02,1014.67,83.58
12.02,41.92,1030.1,84.45
28.21,73.06,1008.26,86.29
22.46,58.33,1013.21,68.68
23.9,61.47,1009.01,81.05
20.54,61.27,1019.6,61.87
24.43,65.27,1013.25,55.4
29.06,72.86,1004.23,69.41
25.76,63.94,1018.49,42.14
11.24,42.34,1021.3,95.19
32.15,72.29,1010.13,50.19
24.98,60.32,1016.39,63.12
28.14,76.86,1000.7,70.17
21.08,70.32,1011.39,88.79
11.16,40.96,1023.49,83.7
9.96,41.55,1002.59,65.86
13.11,38.73,1005.89,89.02
11.49,44.63,1020.44,86.04
19.81,56.65,1020.62,67.99
37.11,68.94,1006.23,31.15
22.28,60.27,1018.98,84.12
11.63,41.5,1013.6,87.11
20.82,52.84,1004.13,79.42
25.84,69.14,1009.22,88.47
15.91,44.99,1010.93,62.81
24.17,59.44,1012.66,78.53
29.29,70.02,1010.13,46.93
6.4,39.9,1007.75,86.55
24.8,64.63,1020.69,55.74
18.4,50.16,1011.51,98.07
16.9,44.88,1018.14,72.21
26.34,69.45,1013.87,54.15
25.06,64.63,1020.66,54.93
8.34,40.96,1023.28,89.45
26.69,70.36,1006.82,68.29
17.46,53.29,1018.07,91.01
