time,price,change,volume,amount,type
15:00:03,24.11,--,241,581436,sell
14:57:00,24.11,--,0,0,sell
14:56:54,24.11,-0.02,30,72330,sell
14:56:51,24.13,0.01,7,16891,sell
14:56:48,24.12,--,13,31356,buy
14:56:42,24.12,--,56,135072,sell
14:56:30,24.12,-0.02,10,24120,sell
14:56:21,24.14,--,4,9656,buy
14:56:18,24.14,0.02,1,2414,buy
14:56:15,24.12,--,2,4824,sell
14:56:12,24.12,-0.03,10,24120,sell
14:56:09,24.15,0.03,20,48300,buy
14:56:03,24.12,-0.03,46,110952,sell
14:56:00,24.15,--,5,12075,buy
14:55:51,24.15,0.03,1,2415,buy
14:55:48,24.12,--,27,65124,sell
14:55:42,24.12,-0.03,21,50652,sell
14:55:39,24.15,0.02,7,16905,buy
14:55:36,24.13,0.01,9,21717,buy
14:55:33,24.12,--,1,2412,sell
14:55:27,24.12,--,14,33768,sell
14:55:21,24.12,--,16,38592,sell
14:55:18,24.12,-0.01,139,335268,sell
14:55:15,24.13,0.01,20,48260,buy
14:55:12,24.12,-0.01,24,57888,sell
14:55:06,24.13,--,16,38608,buy
14:55:03,24.13,-0.02,17,41021,sell
14:54:57,24.15,0.03,1,2415,buy
14:54:51,24.12,--,2,4824,sell
14:54:45,24.12,--,15,36180,sell
14:54:42,24.12,0.01,4,9648,norm
14:54:39,24.11,-0.01,29,69919,sell
14:54:33,24.12,-0.01,10,24120,buy
14:54:30,24.13,0.02,2,4826,sell
14:54:24,24.11,-0.01,19,47834,sell
14:54:15,24.12,-0.03,20,48240,sell
14:54:12,24.15,--,1,2415,buy
14:54:09,24.15,--,1,2415,buy
14:54:06,24.15,--,4,10215,sell
14:54:03,24.15,--,18,43470,sell
14:54:00,24.15,--,1,2415,sell
14:53:54,24.15,-0.01,1,2415,sell
14:53:48,24.16,--,3,7248,buy
14:53:30,24.16,0.01,4,9664,norm
14:53:27,24.15,-0.01,24,57960,sell
14:53:24,24.16,0.01,4,9664,buy
14:53:15,24.15,-0.01,8,19320,sell
14:53:09,24.16,-0.02,10,24160,sell
14:53:06,24.18,--,27,67147,buy
14:53:03,24.18,0.01,62,149916,buy
14:52:45,24.17,-0.01,5,12085,sell
14:52:39,24.18,--,4,9672,buy
14:52:36,24.18,--,4,11026,sell
14:52:24,24.18,--,22,53824,sell
14:52:15,24.18,-0.02,37,89466,sell
14:52:03,24.2,-0.01,16,39857,sell
14:51:48,24.21,--,7,17382,sell
14:51:42,24.21,--,37,90642,sell
14:51:36,24.21,--,5,13024,buy
14:51:24,24.21,0.01,23,55683,norm
14:51:03,24.2,-0.07,39,95396,sell
14:50:54,24.27,0.01,4,9708,buy
14:50:51,24.26,0.05,4,9704,buy
14:50:48,24.21,--,4,11983,buy
14:50:45,24.21,0.01,4,9684,buy
14:50:42,24.2,--,39,94646,sell
14:50:33,24.2,-0.01,10,24200,sell
14:50:30,24.21,--,20,48420,buy
14:50:24,24.21,--,3,7263,buy
14:50:21,24.21,--,2,4987,sell
14:50:09,24.21,0.01,0,2275,buy
14:50:06,24.2,-0.01,48,116160,sell
14:50:00,24.21,--,3,9054,sell
14:49:57,24.21,-0.01,40,96840,sell
14:49:51,24.22,--,5,12110,buy
14:49:45,24.22,--,1,2422,buy
14:49:39,24.22,--,9,23372,sell
14:49:33,24.22,-0.01,3,7266,sell
14:49:21,24.23,--,9,21807,sell
14:49:12,24.23,0.01,1,2423,norm
14:49:00,24.22,0.01,56,136479,norm
14:48:48,24.21,--,15,36315,sell
14:48:42,24.21,--,20,49049,buy
14:48:39,24.21,-0.09,20,49073,sell
14:48:33,24.3,0.09,16,40653,buy
14:48:30,24.21,--,6,14526,buy
14:48:27,24.21,--,3,7263,buy
14:48:24,24.21,--,2,4842,buy
14:48:21,24.21,--,10,24210,buy
14:48:18,24.21,-0.08,22,53891,sell
14:48:15,24.29,--,16,38864,buy
14:48:09,24.29,0.08,25,60725,buy
14:48:06,24.21,--,25,62316,buy
14:48:03,24.21,0.01,19,45999,buy
14:48:00,24.2,-0.01,44,108633,sell
14:47:57,24.21,--,10,24210,buy
14:47:54,24.21,--,10,24210,buy
14:47:48,24.21,--,23,55683,buy
14:47:45,24.21,--,19,45999,buy
14:47:39,24.21,0.01,22,53262,buy
14:47:30,24.2,--,2,4840,sell
14:47:24,24.2,-0.01,10,24200,sell
14:47:21,24.21,--,70,169736,buy
14:47:18,24.21,--,14,33894,buy
14:47:15,24.21,0.01,13,31473,buy
14:47:09,24.2,-0.01,5,12100,norm
14:47:06,24.21,0.02,17,41157,buy
14:47:00,24.19,--,15,36285,sell
14:46:54,24.19,--,16,39139,buy
14:46:51,24.19,--,32,77408,buy
14:46:48,24.19,--,18,43542,sell
14:46:39,24.19,--,12,29028,sell
14:46:36,24.19,--,3,7257,sell
14:46:33,24.19,-0.01,45,108855,sell
14:46:30,24.2,--,30,72600,buy
14:46:24,24.2,-0.01,7,16940,buy
14:46:21,24.21,0.01,43,104103,buy
14:46:18,24.2,-0.01,46,111320,sell
14:46:12,24.21,0.01,55,133155,buy
14:46:09,24.2,-0.01,8,19360,sell
14:46:06,24.21,--,24,58104,buy
14:46:03,24.21,--,2,4842,buy
14:45:57,24.21,-0.01,112,271152,sell
14:45:54,24.22,--,17,41174,sell
14:45:48,24.22,--,1,2422,sell
14:45:45,24.22,--,50,121100,sell
14:45:42,24.22,-0.01,1,2422,sell
14:45:30,24.23,0.01,2,4846,norm
14:45:24,24.22,-0.03,16,38752,sell
14:45:21,24.25,0.01,5,12125,buy
14:45:18,24.24,-0.01,2,4848,sell
14:45:12,24.25,--,3,7275,sell
14:45:03,24.25,--,22,53350,buy
14:45:00,24.25,0.01,20,48500,buy
14:44:57,24.24,--,10,24240,sell
14:44:54,24.24,0.01,1,2424,buy
14:44:48,24.23,-0.01,4,9692,sell
14:44:45,24.24,0.01,5,12120,buy
14:44:42,24.23,--,1,2423,sell
14:44:39,24.23,-0.01,1,2423,norm
14:44:24,24.24,-0.01,4,9696,sell
14:44:21,24.25,0.01,23,55775,buy
14:44:18,24.24,-0.02,8,19392,sell
14:44:12,24.26,0.01,20,48520,buy
14:44:09,24.25,-0.01,10,24250,sell
14:44:03,24.26,-0.03,72,174672,sell
14:44:00,24.29,--,2,4858,sell
14:43:57,24.29,--,2,4858,sell
14:43:54,24.29,0.01,121,293909,buy
14:43:45,24.28,-0.01,11,26708,sell
14:43:42,24.29,--,4,9716,buy
14:43:36,24.29,-0.01,1,2429,sell
14:43:18,24.3,0.01,7,17010,buy
14:43:06,24.29,--,4,9716,buy
14:42:54,24.29,--,11,26719,sell
14:42:48,24.29,-0.01,4,9716,sell
14:42:42,24.3,--,3,7290,buy
14:42:39,24.3,0.01,7,17010,buy
14:42:21,24.29,-0.01,15,36435,sell
14:42:09,24.3,-0.02,42,102060,sell
14:41:51,24.32,--,11,26752,sell
14:41:45,24.32,-0.01,6,14592,sell
14:41:36,24.33,0.01,5,12165,buy
14:41:30,24.32,-0.01,10,24320,sell
14:41:12,24.33,--,5,12165,sell
14:41:09,24.33,--,50,121649,sell
14:41:03,24.33,-0.01,20,48660,sell
14:40:57,24.34,0.01,5,12170,buy
14:40:48,24.33,-0.01,2,4866,sell
14:40:42,24.34,--,12,29208,buy
14:40:21,24.34,--,6,14604,buy
14:40:15,24.34,0.01,22,53548,buy
14:40:12,24.33,--,1,2433,sell
14:40:03,24.33,--,18,43794,buy
14:39:57,24.33,--,2,4866,buy
14:39:48,24.33,--,10,24330,buy
14:39:42,24.33,--,6,14597,buy
14:39:27,24.33,--,2,4866,buy
14:39:21,24.33,0.01,9,21897,buy
14:39:12,24.32,--,6,14592,sell
14:39:03,24.32,0.01,48,116736,buy
14:38:51,24.31,--,4,9724,sell
14:38:48,24.31,--,1,2431,buy
14:38:45,24.31,0.01,1,2431,buy
14:38:42,24.3,-0.01,10,24300,sell
14:38:36,24.31,--,2,4862,sell
14:38:27,24.31,0.01,13,31603,buy
14:38:12,24.3,--,4,9720,buy
14:38:06,24.3,--,5,12150,buy
14:37:42,24.3,0.02,16,38880,buy
14:37:36,24.28,--,4,9712,sell
14:37:30,24.28,0.01,1,2428,sell
14:37:18,24.27,-0.01,30,72810,sell
14:37:12,24.28,0.01,95,230660,buy
14:37:06,24.27,-0.01,2,4854,sell
14:36:54,24.28,--,15,36420,sell
14:36:27,24.28,-0.02,20,48560,sell
14:36:24,24.3,--,14,34020,buy
14:36:18,24.3,0.01,2,4860,buy
14:36:15,24.29,--,2,4858,sell
14:36:03,24.29,-0.01,4,9716,sell
14:35:48,24.3,--,8,19440,sell
14:35:45,24.3,--,4,9720,sell
14:35:36,24.3,-0.01,3,7290,sell
14:35:18,24.31,-0.01,1,2431,sell
14:35:09,24.32,0.02,3,7296,buy
14:34:42,24.3,-0.02,10,24300,sell
14:34:39,24.32,0.02,3,7296,buy
14:34:33,24.3,--,4,9720,sell
14:34:27,24.3,--,10,24300,sell
14:34:24,24.3,--,37,89910,sell
14:34:21,24.3,--,6,14580,sell
14:34:06,24.3,--,1,2430,sell
14:33:48,24.3,--,19,46170,buy
14:33:42,24.3,--,1,2430,buy
14:33:27,24.3,--,1,2430,buy
14:32:33,24.3,--,1,2430,sell
14:32:18,24.3,--,6,14580,sell
14:32:09,24.3,--,10,24300,sell
14:32:00,24.3,-0.02,3,7290,sell
14:31:54,24.32,--,2,4864,buy
14:31:51,24.32,--,1,2432,buy
14:31:39,24.32,--,1,2432,buy
14:31:30,24.32,--,5,12160,buy
14:31:15,24.32,0.01,4,9728,buy
14:31:12,24.31,--,1,2431,buy
14:31:00,24.31,-0.01,1,2431,norm
14:30:42,24.32,--,5,12160,buy
14:29:54,24.32,-0.01,5,12160,sell
14:29:45,24.33,0.02,3,7298,buy
14:29:39,24.31,--,11,26741,buy
14:29:30,24.31,-0.02,30,72930,sell
14:29:27,24.33,--,6,14597,sell
14:29:24,24.33,--,4,9732,buy
14:29:03,24.33,-0.01,1,2433,norm
14:28:18,24.34,--,48,116832,sell
14:28:15,24.34,--,5,12170,sell
14:28:12,24.34,-0.01,100,243400,sell
14:28:06,24.35,--,10,24350,buy
14:28:03,24.35,--,1,2435,buy
14:27:57,24.35,--,2,4870,buy
14:27:48,24.35,0.01,1,2435,buy
14:27:39,24.34,0.01,171,416214,buy
14:27:18,24.33,--,65,158145,sell
14:27:03,24.33,0.01,38,92454,buy
14:27:00,24.32,--,5,12160,buy
14:26:57,24.32,0.02,4,9728,buy
14:26:15,24.3,--,3,7290,buy
14:26:09,24.3,--,3,7290,buy
14:26:00,24.3,--,5,12150,buy
14:25:54,24.3,0.01,1,2430,buy
14:25:42,24.29,--,3,7287,sell
14:25:33,24.29,--,6,14574,buy
14:25:09,24.29,--,50,121450,buy
14:25:06,24.29,--,4,9716,buy
14:24:36,24.29,--,6,14574,buy
14:24:24,24.29,0.01,1,2429,buy
14:24:09,24.28,-0.01,1,2428,sell
14:23:45,24.29,--,2,4858,buy
14:23:36,24.29,--,5,12145,buy
14:23:24,24.29,--,4,9716,buy
14:22:51,24.29,--,4,9716,buy
14:22:45,24.29,--,1,2429,buy
14:22:39,24.29,-0.04,8,19432,sell
14:22:27,24.33,0.01,35,85155,buy
14:22:15,24.32,0.04,5,12160,buy
14:21:27,24.28,-0.04,2,4856,sell
14:21:03,24.32,--,3,7296,buy
14:20:57,24.32,--,10,24320,buy
14:20:36,24.32,-0.01,34,82688,sell
14:20:33,24.33,0.01,4,9732,buy
14:20:30,24.32,-0.01,5,12160,sell
14:20:15,24.33,--,4,9732,buy
14:20:00,24.33,0.01,20,48660,buy
14:19:57,24.32,-0.01,6,14592,sell
14:19:45,24.33,--,4,9732,buy
14:19:42,24.33,0.01,2,4866,buy
14:19:36,24.32,--,28,68096,buy
14:19:24,24.32,-0.01,22,53504,sell
14:19:18,24.33,0.01,2,4866,buy
14:19:09,24.32,--,7,17024,buy
14:18:57,24.32,--,5,12160,buy
14:18:54,24.32,-0.01,12,29184,sell
14:18:51,24.33,0.01,5,12165,buy
14:18:45,24.32,-0.01,9,21888,sell
14:18:42,24.33,--,1,2433,buy
14:18:36,24.33,--,6,14597,buy
14:18:33,24.33,0.01,5,12165,buy
14:18:30,24.32,-0.01,5,12160,sell
14:18:24,24.33,--,2,4866,buy
14:18:18,24.33,--,10,24330,sell
14:18:15,24.33,--,3,7298,sell
14:18:12,24.33,-0.01,10,24330,sell
14:18:06,24.34,--,5,12170,buy
14:18:00,24.34,--,12,29208,buy
14:17:51,24.34,--,3,7302,buy
14:17:48,24.34,--,8,19472,buy
14:17:42,24.34,--,14,34076,buy
14:17:36,24.34,--,1,2434,buy
14:17:33,24.34,--,6,14604,buy
14:17:30,24.34,--,2,4868,buy
14:17:27,24.34,--,8,19472,buy
14:17:21,24.34,--,12,29208,buy
14:17:18,24.34,0.01,24,58416,buy
14:17:06,24.33,0.02,16,38928,buy
14:16:45,24.31,0.01,7,17017,buy
14:16:27,24.3,--,37,89910,buy
14:16:21,24.3,--,14,34020,buy
14:16:09,24.3,0.01,45,109350,buy
14:16:03,24.29,-0.01,3,7287,sell
14:16:00,24.3,0.01,1,2430,buy
14:15:54,24.29,--,2,4858,buy
14:15:48,24.29,0.01,4,9716,buy
14:15:39,24.28,--,1,2428,buy
14:15:27,24.28,-0.01,13,31564,sell
14:15:24,24.29,0.01,18,43722,buy
14:15:03,24.28,0.02,5,12140,norm
14:14:06,24.26,--,2,4852,buy
14:13:51,24.26,--,5,12130,buy
14:13:06,24.26,--,4,9704,buy
14:12:33,24.26,0.01,13,31538,buy
14:12:24,24.25,-0.01,10,24250,sell
14:12:09,24.26,0.01,10,24260,buy
14:12:03,24.25,--,16,38800,sell
14:11:45,24.25,-0.01,5,12125,sell
14:11:39,24.26,--,2,4852,buy
14:11:27,24.26,--,14,33964,sell
14:11:03,24.26,--,6,14556,buy
14:10:48,24.26,-0.01,3,7278,norm
14:10:21,24.27,-0.02,4,9708,sell
14:09:51,24.29,--,7,17003,sell
14:09:48,24.29,-0.01,2,4858,norm
14:08:09,24.3,0.02,58,140940,buy
14:08:03,24.28,0.01,20,48560,buy
14:07:51,24.27,-0.01,39,94653,sell
14:07:45,24.28,--,3,7284,buy
14:07:33,24.28,--,8,19424,sell
14:07:24,24.28,--,1,2428,sell
14:07:21,24.28,-0.01,1,2428,sell
14:07:18,24.29,--,4,9716,sell
14:07:15,24.29,--,1,2429,sell
14:07:12,24.29,-0.01,19,46151,sell
14:07:09,24.3,0.01,13,31590,buy
14:07:03,24.29,--,4,9716,sell
14:07:00,24.29,-0.01,1,2429,sell
14:06:54,24.3,0.01,9,21870,norm
14:06:48,24.29,--,4,9716,sell
14:06:45,24.29,--,1,2429,sell
14:06:42,24.29,--,4,9716,sell
14:06:39,24.29,--,1,2429,sell
14:06:36,24.29,--,3,7287,sell
14:06:21,24.29,-0.02,1,2429,sell
14:06:09,24.31,0.02,5,12155,buy
14:06:03,24.29,-0.02,1,2429,sell
14:06:00,24.31,0.02,5,12155,buy
14:05:51,24.29,--,1,2429,sell
14:05:48,24.29,--,1,2429,sell
14:05:39,24.29,--,1,2429,sell
14:05:36,24.29,-0.01,1,2429,norm
14:04:21,24.3,--,4,9720,sell
14:04:18,24.3,-0.02,1,2430,norm
14:04:09,24.32,0.01,11,26752,buy
14:03:54,24.31,--,2,4862,sell
14:03:51,24.31,0.04,3,7293,buy
14:03:39,24.27,--,1,2427,sell
14:03:36,24.27,--,21,50967,sell
14:03:24,24.27,0.02,1,2427,norm
14:03:03,24.25,-0.05,8,19400,sell
14:02:54,24.3,--,8,19440,sell
14:02:42,24.3,--,1,2430,sell
14:02:30,24.3,--,1,2430,sell
14:02:18,24.3,--,1,2430,sell
14:02:12,24.3,0.07,139,337770,buy
14:00:54,24.23,-0.04,1,2423,norm
14:00:30,24.27,0.05,4,9708,buy
14:00:18,24.22,--,2,4844,sell
13:59:57,24.22,--,2,4844,sell
13:59:33,24.22,--,10,24220,sell
13:59:21,24.22,0.02,23,55706,buy
13:58:36,24.2,-0.02,10,24200,sell
13:58:33,24.22,--,5,12110,buy
13:58:12,24.22,0.01,10,24220,buy
13:58:06,24.21,-0.01,14,33894,sell
13:58:00,24.22,--,7,16954,buy
13:57:36,24.22,-0.05,1,2422,norm
13:56:21,24.27,0.06,4,9708,buy
13:55:54,24.21,--,9,21789,sell
13:55:33,24.21,--,1,2421,sell
13:55:27,24.21,0.01,31,75051,buy
13:55:09,24.2,--,6,14520,sell
13:54:27,24.2,--,5,12100,sell
13:54:24,24.2,--,3,7260,buy
13:54:12,24.2,--,4,9680,buy
13:54:06,24.2,--,5,12100,buy
13:53:54,24.2,0.01,6,14520,buy
13:53:48,24.19,-0.01,6,14514,sell
13:53:39,24.2,-0.01,82,198440,sell
13:53:33,24.21,--,16,38736,norm
13:52:54,24.21,--,1,2421,buy
13:52:48,24.21,--,5,12105,buy
13:52:36,24.21,-0.01,4,9684,sell
13:52:30,24.22,0.01,4,9688,buy
13:52:21,24.21,-0.01,21,50841,sell
13:52:12,24.22,--,3,7266,buy
13:52:06,24.22,-0.07,9,21798,norm
13:51:18,24.29,0.08,1,2429,buy
13:51:09,24.21,-0.08,2,4842,sell
13:49:48,24.29,--,1,2429,buy
13:49:18,24.29,0.01,4,9716,buy
13:49:15,24.28,0.09,2,4856,norm
13:48:57,24.19,-0.03,123,297537,sell
13:48:03,24.22,--,3,7266,buy
13:47:39,24.22,0.02,2,4844,norm
13:46:30,24.2,--,24,58080,buy
13:46:24,24.2,--,10,24200,buy
13:46:21,24.2,0.01,29,70180,buy
13:46:18,24.19,-0.01,17,41123,sell
13:46:00,24.2,-0.05,104,251680,sell
13:45:30,24.25,--,7,16975,buy
13:45:24,24.25,--,44,106700,buy
13:45:18,24.25,--,15,36375,buy
13:45:03,24.25,--,5,12125,buy
13:44:45,24.25,--,10,24250,buy
13:44:24,24.25,0.02,11,26675,buy
13:44:21,24.23,-0.01,71,172033,sell
13:44:12,24.24,-0.01,36,87264,sell
13:44:03,24.25,--,3,7275,buy
13:43:54,24.25,--,5,12125,buy
13:43:48,24.25,--,9,21825,buy
13:43:30,24.25,-0.04,49,118825,sell
13:43:12,24.29,-0.01,1,2429,sell
13:42:54,24.3,0.01,4,9720,buy
13:42:27,24.29,-0.01,12,29148,sell
13:41:42,24.3,0.01,3,7290,norm
13:41:18,24.29,-0.02,10,24290,norm
13:40:45,24.31,0.01,12,29172,buy
13:40:42,24.3,-0.01,15,36450,sell
13:40:36,24.31,--,7,17017,buy
13:40:33,24.31,--,5,12155,sell
13:40:30,24.31,--,2,4862,sell
13:40:27,24.31,-0.01,4,9724,sell
13:40:24,24.32,--,5,12160,buy
13:40:15,24.32,0.01,9,21888,buy
13:40:03,24.31,-0.01,12,29172,sell
13:39:36,24.32,--,3,7296,buy
13:39:27,24.32,0.02,1,2432,buy
13:39:09,24.3,--,4,9720,buy
13:38:42,24.3,--,1,2430,buy
13:38:09,24.3,0.03,10,24300,buy
13:38:03,24.27,-0.02,3,7281,sell
13:37:57,24.29,0.02,4,9716,norm
13:37:45,24.27,--,2,4854,sell
13:36:33,24.27,-0.03,10,24270,sell
13:36:30,24.3,--,4,9720,buy
13:36:24,24.3,--,14,34020,buy
13:36:12,24.3,--,30,72900,buy
13:35:36,24.3,0.03,4,9720,buy
13:35:33,24.27,0.01,3,7281,sell
13:34:39,24.26,--,6,14556,sell
13:34:27,24.26,--,1,2426,sell
13:34:18,24.26,-0.03,2,4852,sell
13:34:12,24.29,0.01,4,9716,norm
13:33:48,24.28,-0.01,2,4856,sell
13:33:45,24.29,0.01,1,2429,buy
13:33:27,24.28,--,19,46132,buy
13:33:18,24.28,-0.01,12,29136,sell
13:33:12,24.29,0.01,4,9716,buy
13:33:06,24.28,-0.01,2,4856,sell
13:32:51,24.29,0.01,2,4858,buy
13:32:42,24.28,-0.01,7,16996,sell
13:32:39,24.29,0.01,5,12145,buy
13:32:21,24.28,0.05,5,12140,buy
13:32:00,24.23,-0.01,3,7269,sell
13:31:39,24.24,--,9,21816,buy
13:31:36,24.24,0.01,3,7271,buy
13:31:33,24.23,-0.01,10,24230,sell
13:31:30,24.24,--,23,55752,buy
13:31:12,24.24,-0.02,98,237551,sell
13:31:06,24.26,-0.03,64,155264,sell
13:30:48,24.29,--,4,9716,buy
13:30:39,24.29,--,31,75299,buy
13:30:09,24.29,--,16,38864,sell
13:29:30,24.29,0.01,1,2429,buy
13:29:27,24.28,-0.01,2,4856,sell
13:29:12,24.29,0.01,10,24290,buy
13:29:03,24.28,--,5,12140,sell
13:28:57,24.28,-0.02,9,21852,sell
13:28:33,24.3,--,10,24300,buy
13:28:30,24.3,--,10,24300,buy
13:28:27,24.3,--,1,2430,buy
13:28:06,24.3,0.02,9,21870,buy
13:27:51,24.28,-0.02,5,12140,sell
13:27:45,24.3,--,35,85050,buy
13:27:42,24.3,-0.04,44,106920,sell
13:27:39,24.34,--,2,4868,buy
13:27:30,24.34,--,5,12170,sell
13:27:27,24.34,-0.01,13,31642,sell
13:27:09,24.35,--,11,26785,sell
13:26:57,24.35,--,25,60875,sell
13:26:51,24.35,0.01,25,60875,buy
13:26:39,24.34,--,1,2434,sell
13:26:24,24.34,0.02,11,26774,buy
13:26:21,24.32,0.01,5,12160,buy
13:26:15,24.31,--,3,7293,buy
13:26:12,24.31,--,1,2431,sell
13:26:09,24.31,--,10,24310,sell
13:26:06,24.31,--,5,12155,sell
13:25:51,24.31,-0.01,56,136136,sell
13:25:48,24.32,--,19,46208,sell
13:25:36,24.32,--,4,9728,sell
13:25:21,24.32,-0.02,1,2432,sell
13:24:45,24.34,--,2,4868,buy
13:24:42,24.34,--,1,2434,sell
13:24:27,24.34,--,9,21906,buy
13:24:21,24.34,--,10,24340,buy
13:24:12,24.34,0.03,1,2434,buy
13:24:00,24.31,-0.03,1,2431,sell
13:23:57,24.34,0.08,3,7302,norm
13:22:30,24.26,-0.1,20,48520,sell
13:22:24,24.36,--,5,12180,buy
13:22:15,24.36,-0.01,9,21924,norm
13:22:06,24.37,0.05,120,292440,buy
13:22:03,24.32,-0.04,10,24320,sell
13:22:00,24.36,--,5,12180,buy
13:21:57,24.36,-0.01,5,12180,sell
13:21:42,24.37,0.01,5,12185,buy
13:21:30,24.36,-0.01,5,12180,sell
13:21:24,24.37,0.01,2,4874,buy
13:21:18,24.36,--,11,26796,sell
13:21:12,24.36,--,16,38976,sell
13:21:06,24.36,0.13,23,56028,buy
13:20:42,24.23,--,16,38768,buy
13:20:33,24.23,--,8,19384,buy
13:20:30,24.23,-0.01,37,89651,sell
13:20:24,24.24,-0.13,20,48480,sell
13:20:21,24.37,--,195,475215,sell
13:20:18,24.37,-0.01,13,31681,sell
13:20:15,24.38,--,2,4876,buy
13:20:09,24.38,0.01,12,29256,sell
13:20:03,24.37,--,6,14622,sell
13:19:57,24.37,-0.02,13,31681,sell
13:19:54,24.39,--,1,2439,buy
13:19:51,24.39,--,6,14634,buy
13:19:45,24.39,0.02,33,80487,buy
13:19:39,24.37,--,42,102354,sell
13:19:36,24.37,--,20,48740,sell
13:19:33,24.37,--,2,4874,sell
13:19:30,24.37,--,9,21933,buy
13:19:27,24.37,0.04,10,24370,buy
13:19:21,24.33,-0.03,20,48660,sell
13:19:18,24.36,0.01,199,484764,buy
13:19:09,24.35,--,14,34090,sell
13:19:06,24.35,--,10,24350,sell
13:18:57,24.35,0.03,2,4870,buy
13:18:45,24.32,-0.03,23,55936,sell
13:18:42,24.35,0.03,10,24350,buy
13:18:27,24.32,--,22,53504,buy
13:18:18,24.32,0.02,8,19456,buy
13:18:06,24.3,0.03,56,137003,buy
13:17:45,24.27,--,1,2427,buy
13:17:18,24.27,0.03,1,2427,buy
13:17:15,24.24,0.02,2,4848,buy
13:17:12,24.22,--,4,9688,norm
13:16:48,24.22,--,1,2422,norm
13:16:45,24.22,-0.02,1,2422,norm
13:16:42,24.24,--,10,24240,buy
13:16:36,24.24,--,27,65447,buy
13:16:33,24.24,0.03,19,46056,buy
13:16:15,24.21,0.01,17,41157,buy
13:16:09,24.2,--,1,2420,sell
13:16:06,24.2,--,1,2420,sell
13:16:03,24.2,--,1,2420,sell
13:16:00,24.2,--,41,99510,buy
13:15:33,24.2,0.01,1,2420,buy
13:15:15,24.19,--,3,7257,sell
13:15:09,24.19,--,1,2419,sell
13:15:03,24.19,--,14,33866,sell
13:14:03,24.19,-0.01,1,2419,sell
13:13:57,24.2,--,9,21780,sell
13:13:39,24.2,-0.01,1,2420,sell
13:13:36,24.21,--,4,9684,buy
13:13:33,24.21,0.01,2,4842,buy
13:12:57,24.2,-0.01,3,7260,sell
13:12:00,24.21,--,4,9684,buy
13:11:36,24.21,0.01,1,2421,buy
13:11:33,24.2,-0.01,1,2420,sell
13:11:30,24.21,--,18,43578,buy
13:11:00,24.21,0.01,1,2421,buy
13:10:45,24.2,--,1,2420,sell
13:10:42,24.2,--,1,2420,sell
13:10:36,24.2,-0.01,21,50820,sell
13:10:24,24.21,0.01,1,2421,buy
13:09:57,24.2,--,1,2420,sell
13:09:21,24.2,--,1,2420,sell
13:09:18,24.2,--,11,26620,sell
13:09:15,24.2,-0.01,1,2420,sell
13:09:00,24.21,0.01,1,2421,buy
13:08:54,24.2,-0.01,1,2420,sell
13:08:51,24.21,--,2,4842,buy
13:08:48,24.21,-0.01,1,2421,sell
13:07:57,24.22,0.01,1,2422,norm
13:07:03,24.21,0.01,11,26631,buy
13:06:45,24.2,-0.01,1,2420,sell
13:06:42,24.21,--,40,96840,sell
13:06:39,24.21,--,5,12105,sell
13:05:48,24.21,--,2,4842,sell
13:05:39,24.21,--,1,2421,sell
13:05:21,24.21,-0.01,1,2421,sell
13:05:09,24.22,0.01,2,4844,buy
13:05:03,24.21,-0.01,1,2421,sell
13:04:57,24.22,--,27,65394,sell
13:04:27,24.22,--,9,21798,sell
13:04:09,24.22,--,2,4844,sell
13:03:33,24.22,-0.02,1,2422,sell
13:03:00,24.24,0.02,3,7271,buy
13:01:54,24.22,-0.02,25,60550,sell
13:01:39,24.24,--,1,2424,buy
13:01:30,24.24,0.01,23,55752,buy
13:00:06,24.23,--,1,2423,sell
13:00:03,24.23,--,111,268953,buy
13:00:00,24.23,0.01,4,9692,buy
11:30:00,24.22,--,0,0,sell
11:29:51,24.22,--,2,4844,sell
11:29:24,24.22,-0.01,3,7266,sell
11:29:15,24.23,--,6,14538,buy
11:28:39,24.23,--,1,2423,sell
11:28:24,24.23,--,5,12115,norm
11:27:51,24.23,-0.01,1,2423,sell
11:27:42,24.24,--,5,12120,buy
11:27:03,24.24,0.02,15,36360,buy
11:26:57,24.22,0.02,2,6684,buy
11:26:21,24.2,-0.02,1,2420,sell
11:26:00,24.22,-0.02,48,116837,sell
11:25:57,24.24,--,3,9114,buy
11:25:48,24.24,--,5,12120,buy
11:25:42,24.24,-0.01,13,31511,buy
11:25:21,24.25,--,3,7275,sell
11:25:18,24.25,--,2,4850,buy
11:24:48,24.25,0.03,5,12125,buy
11:24:06,24.22,--,6,14532,buy
11:23:36,24.22,0.02,2,4844,norm
11:23:21,24.2,--,17,41140,buy
11:23:09,24.2,--,5,12100,buy
11:22:57,24.2,--,8,19360,buy
11:22:48,24.2,--,10,24200,buy
11:22:36,24.2,-0.02,18,43560,sell
11:22:33,24.22,0.02,41,99302,buy
11:22:27,24.2,--,3,7260,sell
11:21:57,24.2,--,2,4840,sell
11:21:33,24.2,0.01,2,4840,buy
11:21:21,24.19,-0.01,6,14514,sell
11:21:18,24.2,--,3,7260,sell
11:21:15,24.2,--,2,4840,buy
11:21:12,24.2,--,5,12100,buy
11:19:57,24.2,0.01,9,21780,buy
11:19:24,24.19,--,3,7257,sell
11:19:06,24.19,-0.01,1,2419,sell
11:18:12,24.2,--,21,50820,sell
11:18:03,24.2,-0.01,8,19360,sell
11:17:54,24.21,--,7,16947,buy
11:16:57,24.21,--,1,2421,buy
11:16:51,24.21,--,2,4842,sell
11:16:45,24.21,--,6,14526,buy
11:16:03,24.21,0.01,1,2421,buy
11:15:30,24.2,0.01,5,12100,sell
11:15:09,24.19,-0.01,20,48380,sell
11:14:15,24.2,--,5,12100,norm
11:13:54,24.2,--,2,4840,buy
11:13:06,24.2,--,10,24200,buy
11:12:06,24.2,--,3,7260,sell
11:11:51,24.2,--,1,2420,sell
11:11:42,24.2,--,1,2420,norm
11:11:00,24.2,--,2,4840,buy
11:10:45,24.2,0.02,10,24200,buy
11:09:30,24.18,--,3,9019,buy
11:09:21,24.18,--,1,3070,sell
11:09:12,24.18,--,12,30781,buy
11:08:54,24.18,--,4,9672,buy
11:08:51,24.18,--,17,41106,buy
11:08:21,24.18,--,15,36270,buy
11:08:00,24.18,--,2,4836,buy
11:07:54,24.18,0.01,45,108810,buy
11:06:24,24.17,0.02,2,4834,norm
11:06:06,24.15,--,5,12075,sell
11:06:03,24.15,-0.03,3,7245,sell
11:06:00,24.18,0.05,23,55614,buy
11:05:51,24.13,0.02,6,14478,norm
11:04:36,24.11,--,4,9644,sell
11:04:33,24.11,0.01,123,296553,norm
11:04:03,24.1,--,4,9640,sell
11:04:00,24.1,--,8,19280,buy
11:03:57,24.1,0.02,4,9640,norm
11:03:42,24.08,-0.02,63,151704,sell
11:03:09,24.1,-0.04,134,322940,sell
11:03:03,24.14,-0.01,52,125528,sell
11:02:39,24.15,-0.01,20,48300,sell
11:02:12,24.16,-0.01,23,55568,sell
11:01:33,24.17,--,5,12085,buy
11:01:18,24.17,--,13,31421,buy
11:01:09,24.17,--,5,12085,sell
11:00:30,24.17,--,4,9668,buy
11:00:21,24.17,--,50,120850,buy
11:00:12,24.17,0.01,2,4834,buy
11:00:09,24.16,-0.01,6,14496,sell
10:59:36,24.17,--,1,2417,buy
10:59:33,24.17,--,2,4834,buy
10:59:06,24.17,--,7,16919,buy
10:58:24,24.17,--,13,31421,buy
10:58:18,24.17,-0.01,16,38672,sell
10:58:09,24.18,0.01,10,24180,buy
10:58:03,24.17,-0.01,4,9668,sell
10:58:00,24.18,0.01,19,45942,buy
10:57:54,24.17,0.01,20,48340,buy
10:57:24,24.16,--,3,7248,norm
10:57:12,24.16,--,5,12080,sell
10:56:45,24.16,--,10,24160,sell
10:56:33,24.16,-0.02,29,70064,sell
10:54:30,24.18,0.02,10,24180,buy
10:54:21,24.16,-0.01,4,9664,sell
10:54:18,24.17,-0.01,25,60425,sell
10:54:15,24.18,--,76,185992,sell
10:52:54,24.18,-0.01,4,9672,sell
10:52:51,24.19,0.01,1,2419,buy
10:52:48,24.18,--,1,2418,sell
10:52:42,24.18,--,21,50778,sell
10:52:21,24.18,-0.01,4,9672,sell
10:51:51,24.19,0.01,1,2419,buy
10:51:39,24.18,-0.01,10,24180,sell
10:50:54,24.19,--,27,65313,buy
10:50:51,24.19,--,1,2419,buy
10:50:30,24.19,--,14,33866,buy
10:49:54,24.19,-0.01,4,9676,sell
10:49:48,24.2,0.02,1,2420,buy
10:49:00,24.18,--,0,193,buy
10:48:54,24.18,--,2,4836,buy
10:48:24,24.18,--,2,4836,buy
10:48:09,24.18,--,2,4836,buy
10:48:06,24.18,--,3,9478,sell
10:47:51,24.18,0.01,25,60643,buy
10:47:12,24.17,--,10,26393,sell
10:47:00,24.17,--,10,24170,sell
10:46:54,24.17,--,5,12085,sell
10:46:33,24.17,--,3,7251,sell
10:46:21,24.17,-0.01,4,9668,sell
10:46:18,24.18,0.01,1,2418,buy
10:46:15,24.17,--,1,2610,sell
10:46:09,24.17,--,10,24170,sell
10:46:03,24.17,--,6,14502,sell
10:45:57,24.17,--,7,16919,sell
10:45:51,24.17,-0.01,2,4834,sell
10:45:45,24.18,0.01,9,21762,buy
10:45:42,24.17,--,3,7251,sell
10:45:39,24.17,-0.01,1,2417,sell
10:45:36,24.18,--,9,21762,buy
10:45:33,24.18,--,3,7254,buy
10:45:06,24.18,--,0,2224,sell
10:45:00,24.18,--,11,26598,sell
10:44:51,24.18,-0.01,1,2418,sell
10:44:45,24.19,--,1,2419,buy
10:44:42,24.19,--,1,2419,sell
10:44:39,24.19,--,11,26609,sell
10:44:36,24.19,--,1,2419,sell
10:44:33,24.19,-0.01,1,2419,sell
10:44:27,24.2,--,29,70180,sell
10:44:06,24.2,-0.01,1,2420,sell
10:44:00,24.21,--,10,24210,buy
10:43:42,24.21,0.01,2,4842,buy
10:43:36,24.2,--,1,2420,sell
10:43:33,24.2,--,1,2420,sell
10:43:30,24.2,--,9,21780,sell
10:43:24,24.2,--,20,48400,sell
10:43:21,24.2,--,5,12100,sell
10:43:18,24.2,--,1,2420,sell
10:43:15,24.2,--,2,4840,sell
10:43:12,24.2,--,10,24200,sell
10:43:09,24.2,--,1,2420,sell
10:43:06,24.2,--,2,4840,sell
10:42:51,24.2,--,1,2420,sell
10:42:48,24.2,-0.01,3,7260,sell
10:42:42,24.21,0.01,1,2421,buy
10:42:36,24.2,-0.01,1,2420,sell
10:42:33,24.21,--,2,4842,buy
10:42:24,24.21,--,2,4842,buy
10:42:18,24.21,0.01,1,2421,buy
10:42:12,24.2,-0.01,1,2420,sell
10:42:06,24.21,--,23,55683,sell
10:41:48,24.21,--,6,14526,sell
10:41:33,24.21,--,1,2421,sell
10:41:27,24.21,0.01,3,7263,buy
10:41:18,24.2,--,1,2420,sell
10:41:15,24.2,--,2,4840,sell
10:41:12,24.2,0.01,84,203280,buy
10:41:06,24.19,--,5,12095,sell
10:41:00,24.19,--,1,2419,sell
10:40:48,24.19,--,1,2419,sell
10:40:39,24.19,-0.01,1,2419,sell
10:40:36,24.2,0.01,17,41140,buy
10:40:27,24.19,--,18,43542,sell
10:40:24,24.19,-0.01,1,2419,sell
10:40:21,24.2,--,5,12100,buy
10:40:15,24.2,--,2,4840,buy
10:40:09,24.2,-0.01,15,36300,sell
10:40:00,24.21,--,10,24210,buy
10:39:42,24.21,0.01,1,2421,buy
10:39:33,24.2,-0.01,3,7260,sell
10:39:24,24.21,--,17,41157,buy
10:38:48,24.21,0.03,8,19561,buy
10:38:24,24.18,0.01,30,72540,buy
10:38:21,24.17,0.01,1,2417,norm
10:37:54,24.16,-0.01,4,9664,sell
10:37:33,24.17,-0.01,5,12085,sell
10:36:48,24.18,--,6,14508,buy
10:36:12,24.18,--,15,38494,sell
10:35:21,24.18,--,2,4836,sell
10:35:12,24.18,--,10,24180,sell
10:34:21,24.18,-0.01,2,4836,sell
10:34:18,24.19,--,1,2419,sell
10:34:15,24.19,--,57,137883,buy
10:34:09,24.19,--,5,12095,buy
10:34:06,24.19,--,3,7257,sell
10:33:39,24.19,-0.01,15,36285,sell
10:33:33,24.2,--,28,67760,sell
10:33:24,24.2,--,8,19360,buy
10:33:15,24.2,--,3,7260,sell
10:33:12,24.2,--,1,2420,norm
10:32:54,24.2,0.01,5,12100,norm
10:32:45,24.19,-0.01,5,12095,sell
10:32:27,24.2,-0.01,1,2420,sell
10:32:24,24.21,0.01,7,16947,buy
10:32:15,24.2,--,4,9680,sell
10:32:09,24.2,0.02,1,2420,buy
10:32:06,24.18,--,19,45942,sell
10:31:27,24.18,-0.02,17,41106,sell
10:31:03,24.2,-0.01,6,14520,sell
10:30:54,24.21,--,125,302625,sell
10:30:51,24.21,-0.01,1,2421,sell
10:30:12,24.22,--,7,16954,buy
10:29:57,24.22,0.01,9,21798,buy
10:29:48,24.21,-0.01,4,9684,sell
10:29:15,24.22,--,11,26642,buy
10:29:12,24.22,--,3,7266,buy
10:28:54,24.22,--,1,2422,buy
10:28:45,24.22,-0.02,21,50862,sell
10:28:39,24.24,--,17,41208,buy
10:28:24,24.24,--,3,7271,buy
10:28:00,24.24,0.02,3,7271,buy
10:27:45,24.22,-0.02,90,217980,sell
10:27:30,24.24,--,2,4848,buy
10:27:27,24.24,-0.01,1,2424,sell
10:27:15,24.25,0.01,2,4850,buy
10:27:12,24.24,-0.01,10,24240,sell
10:27:00,24.25,0.01,1,2425,buy
10:26:33,24.24,-0.01,9,21816,sell
10:25:51,24.25,0.01,6,14550,buy
10:25:39,24.24,-0.01,21,50904,sell
10:24:57,24.25,--,1,2425,buy
10:24:51,24.25,--,4,9700,buy
10:24:45,24.25,--,1,2425,sell
10:24:30,24.25,-0.05,1,2425,sell
10:23:54,24.3,--,26,63180,buy
10:23:48,24.3,--,1,2430,norm
10:22:54,24.3,--,19,46170,buy
10:22:24,24.3,--,10,24300,buy
10:22:15,24.3,--,3,7290,buy
10:22:12,24.3,--,5,12150,buy
10:22:03,24.3,0.01,10,24300,buy
10:21:57,24.29,--,3,7287,buy
10:21:51,24.29,--,15,36435,buy
10:21:30,24.29,0.02,2,4858,buy
10:21:00,24.27,--,11,26697,buy
10:20:51,24.27,--,10,24270,buy
10:20:48,24.27,--,2,4854,buy
10:20:39,24.27,--,4,9708,buy
10:20:21,24.27,--,5,12135,buy
10:20:00,24.27,0.03,22,53394,buy
10:19:30,24.24,-0.02,10,24240,norm
10:19:27,24.26,0.03,23,55798,buy
10:19:18,24.23,--,6,14538,sell
10:18:24,24.23,--,2,4846,sell
10:18:09,24.23,0.01,1,2423,buy
10:17:30,24.22,-0.01,2,4844,sell
10:17:06,24.23,--,3,7269,buy
10:17:03,24.23,-0.04,10,24230,sell
10:16:57,24.27,0.04,3,7281,buy
10:16:51,24.23,0.01,30,72690,norm
10:16:30,24.22,--,5,12110,sell
10:16:24,24.22,--,95,230090,buy
10:16:21,24.22,0.01,3,7266,buy
10:16:06,24.21,--,5,12105,sell
10:15:45,24.21,-0.01,6,14526,norm
10:14:57,24.22,-0.01,2,4844,sell
10:14:51,24.23,--,1,2423,buy
10:14:27,24.23,0.01,10,24230,buy
10:14:24,24.22,-0.05,6,14532,sell
10:13:42,24.27,0.05,2,4854,buy
10:13:39,24.22,-0.01,6,14532,sell
10:13:15,24.23,--,3,7269,sell
10:11:57,24.23,-0.04,5,12115,sell
10:11:54,24.27,--,3,7281,buy
10:11:48,24.27,--,6,14562,sell
10:11:45,24.27,-0.01,3,7281,sell
10:11:33,24.28,--,27,65556,sell
10:11:27,24.28,--,4,9712,sell
10:11:24,24.28,--,3,7284,sell
10:11:15,24.28,--,9,21852,sell
10:11:12,24.28,-0.01,3,7284,sell
10:11:09,24.29,0.01,2,4858,buy
10:11:06,24.28,--,3,7284,sell
10:10:42,24.28,0.01,14,33992,buy
10:10:33,24.27,--,2,4854,sell
10:10:27,24.27,0.05,12,29124,buy
10:10:21,24.22,--,15,36330,sell
10:09:54,24.22,--,8,19376,sell
10:09:45,24.22,--,9,21798,buy
10:09:39,24.22,--,1,2422,buy
10:09:36,24.22,--,3,7266,buy
10:09:24,24.22,0.02,3,7266,buy
10:08:57,24.2,0.02,22,53240,buy
10:08:48,24.18,0.02,116,280681,buy
10:08:45,24.16,0.02,3,7248,buy
10:08:24,24.14,--,23,55522,buy
10:08:09,24.14,--,15,36210,buy
10:07:48,24.14,--,3,7242,sell
10:07:45,24.14,--,1,2414,sell
10:07:24,24.14,0.01,1,2414,buy
10:07:06,24.13,0.02,3,7239,buy
10:07:00,24.11,-0.01,12,28932,sell
10:06:57,24.12,--,16,40328,sell
10:06:51,24.12,--,2,4824,buy
10:06:42,24.12,--,26,62712,buy
10:06:39,24.12,--,2,4824,buy
10:06:36,24.12,-0.01,10,24120,sell
10:06:33,24.13,--,2,4826,buy
10:06:24,24.13,--,2,4826,buy
10:06:12,24.13,--,9,21717,buy
10:06:00,24.13,--,5,12065,buy
10:05:57,24.13,-0.01,4,9652,sell
10:05:48,24.14,--,1,2414,buy
10:05:42,24.14,-0.01,9,21726,sell
10:05:15,24.15,--,4,9660,buy
10:05:03,24.15,-0.02,2,4830,sell
10:04:51,24.17,0.01,3,7251,buy
10:04:45,24.16,0.02,5,12080,norm
10:04:36,24.14,-0.03,2,4828,sell
10:04:33,24.17,0.02,40,96680,buy
10:04:27,24.15,--,1,2415,sell
10:04:24,24.15,--,9,21735,buy
10:04:21,24.15,-0.01,21,50715,sell
10:04:06,24.16,-0.01,12,28992,sell
10:04:03,24.17,--,1,2417,sell
10:03:36,24.17,0.01,13,31421,buy
10:03:21,24.16,-0.01,1,2416,sell
10:03:15,24.17,0.02,4,9668,buy
10:03:03,24.15,--,1,2415,sell
10:03:00,24.15,--,3,7245,buy
10:02:57,24.15,-0.01,7,16905,sell
10:02:48,24.16,0.01,1,2416,norm
10:02:39,24.15,--,10,24150,sell
10:02:36,24.15,--,1,2415,sell
10:02:33,24.15,-0.01,1,2415,sell
10:02:27,24.16,--,15,36240,sell
10:02:21,24.16,-0.01,6,14496,sell
10:02:18,24.17,0.01,4,9668,buy
10:02:15,24.16,--,1,2416,sell
10:02:06,24.16,--,2,4832,sell
10:02:03,24.16,-0.01,5,12080,sell
10:02:00,24.17,0.01,2,4834,buy
10:01:57,24.16,--,1,2416,sell
10:01:48,24.16,-0.01,1,2416,sell
10:01:39,24.17,0.01,12,29004,buy
10:01:36,24.16,--,1,2416,sell
10:01:24,24.16,--,16,38656,buy
10:00:54,24.16,0.03,11,26576,buy
10:00:51,24.13,-0.02,1,2413,sell
10:00:48,24.15,0.02,5,12075,buy
10:00:39,24.13,0.01,3,7239,buy
10:00:33,24.12,--,20,48240,sell
10:00:27,24.12,--,1,2412,sell
10:00:15,24.12,--,1,2412,sell
10:00:09,24.12,0.02,2,4824,buy
10:00:03,24.1,-0.02,15,36150,sell
09:59:51,24.12,-0.04,13,31356,sell
09:59:48,24.16,0.01,3,7248,buy
09:59:42,24.15,0.02,4,9660,buy
09:59:39,24.13,-0.02,1,2413,sell
09:59:36,24.15,0.02,5,12075,buy
09:59:27,24.13,-0.02,1,2413,sell
09:59:18,24.15,--,4,9660,sell
09:59:15,24.15,--,1,2415,sell
09:59:12,24.15,--,2,4830,buy
09:59:09,24.15,--,1,2415,sell
09:59:06,24.15,--,2,4830,buy
09:59:00,24.15,--,2,4830,norm
09:58:54,24.15,--,1,2415,sell
09:58:42,24.15,0.02,13,31394,buy
09:58:39,24.13,--,1,2413,sell
09:58:33,24.13,0.03,1,2413,buy
09:58:27,24.1,-0.05,25,60250,norm
09:58:21,24.15,0.07,16,38640,buy
09:58:09,24.08,0.03,11,26487,norm
09:57:48,24.05,--,22,52910,sell
09:57:45,24.05,0.01,1,2405,sell
09:57:42,24.04,--,9,21636,buy
09:57:39,24.04,--,10,24040,buy
09:57:36,24.04,-0.01,31,74524,sell
09:57:33,24.05,0.01,6,14430,buy
09:57:27,24.04,-0.01,10,24040,sell
09:57:21,24.05,0.04,2,4810,buy
09:57:18,24.01,-0.02,353,847553,sell
09:57:15,24.03,-0.01,32,76896,sell
09:57:12,24.04,--,15,36060,buy
09:57:09,24.04,0.01,2,4808,buy
09:57:06,24.03,0.01,9,21627,buy
09:57:03,24.02,--,14,33628,sell
09:56:57,24.02,0.01,5,14075,buy
09:56:54,24.01,-0.01,12,28812,sell
09:56:51,24.02,-0.01,87,208974,sell
09:56:48,24.03,-0.01,74,177822,sell
09:56:45,24.04,--,10,24040,buy
09:56:42,24.04,--,13,31252,buy
09:56:39,24.04,--,6,14424,buy
09:56:36,24.04,--,12,28848,buy
09:56:33,24.04,--,24,57696,buy
09:56:30,24.04,--,3,7212,buy
09:56:21,24.04,--,7,16828,buy
09:56:18,24.04,--,8,19232,buy
09:56:15,24.04,-0.06,88,211552,sell
09:56:12,24.1,--,2,4820,buy
09:56:09,24.1,-0.01,26,62660,sell
09:56:06,24.11,0.01,13,31343,norm
09:56:03,24.1,-0.01,20,48200,sell
09:56:00,24.11,0.01,5,12055,buy
09:55:54,24.1,-0.01,20,48200,sell
09:55:51,24.11,--,1,2411,buy
09:55:42,24.11,-0.02,33,79563,sell
09:55:39,24.13,0.01,23,55499,buy
09:55:36,24.12,-0.01,43,103716,sell
09:55:33,24.13,--,10,24130,buy
09:55:30,24.13,--,3,7239,buy
09:55:24,24.13,-0.02,25,60325,sell
09:55:21,24.15,--,1,2415,buy
09:55:15,24.15,--,8,19320,buy
09:55:12,24.15,--,16,38640,buy
09:55:09,24.15,--,11,26565,buy
09:55:03,24.15,-0.03,48,115920,sell
09:55:00,24.18,0.03,2,4836,buy
09:54:48,24.15,--,6,14490,buy
09:54:45,24.15,--,10,24150,buy
09:54:36,24.15,--,11,26565,sell
09:54:33,24.15,-0.01,8,19320,sell
09:54:24,24.16,--,3,7248,buy
09:54:21,24.16,--,6,14496,buy
09:54:12,24.16,--,7,16912,sell
09:54:03,24.16,-0.01,7,16912,sell
09:53:57,24.17,-0.01,4,9668,sell
09:53:51,24.18,--,7,16926,buy
09:53:48,24.18,--,1,2418,buy
09:53:36,24.18,-0.02,63,154558,sell
09:53:30,24.2,-0.01,28,67760,sell
09:53:15,24.21,0.01,4,9684,buy
09:53:03,24.2,--,4,9873,sell
09:53:00,24.2,--,2,4840,sell
09:52:54,24.2,-0.02,14,33880,sell
09:52:39,24.22,0.02,5,12110,buy
09:52:36,24.2,-0.02,1,2420,sell
09:52:33,24.22,0.02,21,50862,buy
09:52:18,24.2,--,20,48400,sell
09:52:09,24.2,--,6,14520,sell
09:52:03,24.2,-0.02,8,19360,sell
09:51:42,24.22,--,9,23130,sell
09:51:39,24.22,0.02,21,50862,buy
09:51:36,24.2,-0.03,80,193600,sell
09:51:33,24.23,0.03,21,50883,buy
09:51:30,24.2,--,10,24200,sell
09:51:24,24.2,-0.02,28,67760,sell
09:51:18,24.22,-0.01,4,11359,sell
09:50:51,24.23,0.01,1,2423,norm
09:50:06,24.22,-0.02,6,14532,sell
09:49:51,24.24,0.02,1,2424,buy
09:49:30,24.22,--,7,16954,sell
09:49:24,24.22,--,31,75082,sell
09:49:21,24.22,0.02,4,10438,buy
09:49:18,24.2,-0.02,4,9680,sell
09:49:15,24.22,0.01,3,7266,buy
09:49:09,24.21,-0.01,70,169470,sell
09:49:06,24.22,--,3,7266,buy
09:49:00,24.22,--,15,36330,buy
09:48:51,24.22,-0.02,29,71909,sell
09:48:45,24.24,--,5,12120,buy
09:48:30,24.24,0.01,7,16968,buy
09:48:24,24.23,--,4,9692,sell
09:48:18,24.23,--,10,24230,sell
09:48:12,24.23,--,0,751,buy
09:48:09,24.23,0.01,7,16961,buy
09:47:45,24.22,--,1,2422,sell
09:47:36,24.22,-0.01,5,12110,sell
09:47:33,24.23,0.01,2,4846,buy
09:47:27,24.22,-0.01,15,36330,sell
09:47:15,24.23,0.02,5,12115,buy
09:47:12,24.21,-0.01,20,48420,sell
09:47:06,24.22,-0.01,1,2422,sell
09:46:54,24.23,--,1,2423,buy
09:46:48,24.23,--,17,41191,buy
09:46:27,24.23,0.01,6,14538,buy
09:46:15,24.22,-0.01,3,7266,sell
09:46:09,24.23,--,5,12115,buy
09:46:00,24.23,--,5,12115,buy
09:45:51,24.23,0.02,8,19384,buy
09:45:48,24.21,--,5,12105,sell
09:45:39,24.21,--,3,7263,sell
09:45:27,24.21,--,22,53262,sell
09:45:24,24.21,-0.01,32,77472,sell
09:45:21,24.22,--,7,16954,sell
09:45:18,24.22,--,6,14532,buy
09:45:15,24.22,--,6,14532,buy
09:45:12,24.22,--,1,2422,buy
09:45:06,24.22,-0.01,5,12110,norm
09:44:48,24.23,0.03,28,67844,buy
09:44:36,24.2,--,32,77440,sell
09:44:30,24.2,-0.01,14,33880,sell
09:44:18,24.21,--,2,4842,buy
09:44:15,24.21,-0.02,18,43578,sell
09:44:06,24.23,--,4,9692,sell
09:43:54,24.23,0.03,4,9692,buy
09:43:48,24.2,-0.03,27,65340,sell
09:43:36,24.23,--,3,7269,buy
09:43:30,24.23,--,1,2423,buy
09:43:27,24.23,--,10,24230,buy
09:43:15,24.23,-0.01,5,12115,sell
09:43:12,24.24,0.01,5,12120,buy
09:43:06,24.23,-0.01,5,12115,sell
09:42:51,24.24,--,1,2424,buy
09:42:33,24.24,--,5,12120,buy
09:42:30,24.24,-0.01,6,14543,sell
09:42:27,24.25,0.01,9,21825,buy
09:42:21,24.24,-0.01,7,16968,sell
09:42:03,24.25,-0.02,22,53350,sell
09:41:54,24.27,-0.01,8,19416,sell
09:41:42,24.28,--,4,9712,buy
09:41:39,24.28,-0.02,7,16996,buy
09:41:30,24.3,-0.02,2,4860,sell
09:41:24,24.32,--,2,4864,buy
09:41:18,24.32,--,8,19456,buy
09:41:06,24.32,0.06,3,7296,buy
09:41:03,24.26,--,3,7278,buy
09:40:57,24.26,--,2,4852,buy
09:40:54,24.26,--,87,211062,sell
09:40:42,24.26,-0.02,20,48520,sell
09:40:30,24.28,--,10,24280,buy
09:40:24,24.28,--,2,4856,buy
09:40:21,24.28,-0.04,210,509880,sell
09:40:12,24.32,--,8,19456,buy
09:40:09,24.32,0.02,5,12160,buy
09:40:00,24.3,--,4,9720,sell
09:39:57,24.3,-0.01,20,48600,sell
09:39:51,24.31,--,3,7293,buy
09:39:48,24.31,--,23,55913,sell
09:39:27,24.31,-0.01,9,21879,sell
09:39:18,24.32,--,3,7296,buy
09:39:12,24.32,--,4,9728,buy
09:39:06,24.32,--,5,12160,buy
09:39:03,24.32,-0.01,14,34048,sell
09:38:57,24.33,--,2,4866,buy
09:38:54,24.33,0.01,8,19464,buy
09:38:39,24.32,0.02,5,12160,buy
09:38:24,24.3,--,3,7290,buy
09:38:21,24.3,0.01,3,7290,buy
09:38:18,24.29,-0.01,8,19432,sell
09:38:15,24.3,0.01,5,12150,buy
09:38:09,24.29,-0.01,1,2429,norm
09:38:03,24.3,0.02,5,12150,buy
09:37:57,24.28,-0.02,7,16996,sell
09:37:48,24.3,0.03,14,34020,buy
09:37:39,24.27,0.01,10,24270,norm
09:37:21,24.26,-0.06,8,19408,norm
09:36:57,24.32,0.04,27,65664,buy
09:36:51,24.28,--,2,4856,buy
09:36:39,24.28,-0.02,12,29136,buy
09:36:36,24.3,0.01,6,14580,sell
09:36:33,24.29,0.02,10,24290,buy
09:36:30,24.27,-0.02,16,38832,sell
09:36:27,24.29,--,22,53438,sell
09:36:18,24.29,--,29,70441,buy
09:36:06,24.29,--,5,12145,buy
09:35:54,24.29,-0.01,10,24290,buy
09:35:51,24.3,-0.03,36,87480,sell
09:35:27,24.33,--,20,48660,buy
09:35:21,24.33,--,27,65691,sell
09:35:18,24.33,-0.05,1,2433,sell
09:34:45,24.38,--,5,12190,buy
09:34:42,24.38,-0.02,5,12190,norm
09:34:09,24.4,0.08,6,14640,buy
09:33:48,24.32,-0.1,9,21888,sell
09:33:36,24.42,--,5,12210,buy
09:33:27,24.42,0.03,12,29304,norm
09:33:18,24.39,-0.06,2,4878,sell
09:33:09,24.45,0.01,10,24450,buy
09:33:03,24.44,-0.01,9,21996,norm
09:32:51,24.45,0.07,10,24450,buy
09:32:45,24.38,--,3,7314,buy
09:32:36,24.38,0.06,20,48760,buy
09:32:24,24.32,--,3,7296,buy
09:32:21,24.32,-0.01,5,12160,buy
09:32:09,24.33,0.03,6,14597,norm
09:31:33,24.3,0.1,9,21870,buy
09:30:48,24.2,0.05,5,12100,buy
09:30:45,24.15,--,13,31394,sell
09:30:36,24.15,--,6,14490,sell
09:30:33,24.15,-0.11,4,9660,norm
09:30:09,24.26,-0.04,1,2426,sell
09:30:03,24.3,24.3,76,184680,buy
