xnam,CNY,USD,EUR,BTC
007,11.4,1.91,1.6,0.0005161
1337,0.0004418,7.38e-05,6.208e-05,2e-08
1CR,0.5103,0.08524,0.0717,2.31e-05
1ST,1.78,0.2969,0.2498,8.046e-05
2015,0.05987,3.85e-06,0.008412,2.71e-06
2BACCO,0.0008837,0.0001476,0.0001242,4e-08
2GIVE,0.03249,0.005423,0.004563,1.47e-06
32BIT,0.1794,0.02996,0.0252,8.12e-06
365,0.0002209,3.689e-05,3.104e-05,1e-08
404,0.000221,3.689e-05,3.104e-05,1e-08
42,44859.79,7488.85,6300.94,2.03
4CHN,0.06851,0.01144,0.009622,3.1e-06
611,0.7379,0.1232,0.1036,3.339e-05
808,0.006851,0.001144,0.0009622,3.1e-07
888,0.01812,0.003025,0.002545,8.2e-07
8BIT,1.62,0.27,0.2272,7.32e-05
8BT,,0.5817,,
ABC,51.22,8.54,7.19,0.002316
ABY,0.0418,0.006972,0.005866,1.89e-06
AC,0.0146,0.002435,0.002048,6.6e-07
ACC,0.5388,0.08983,0.07557,2.435e-05
ACES,0.0004425,7.378e-05,6.207e-05,2e-08
ACID,0.0002213,3.689e-05,3.104e-05,1e-08
ACN,0.001991,0.000332,0.0002793,9e-08
ACOIN,0.5917,0.09865,0.08299,2.674e-05
ACP,0.01903,0.003173,0.002669,8.6e-07
ADC,0.007966,0.001328,0.001117,3.6e-07
ADCN,0.004425,0.0007378,0.0006207,2e-07
ADL,0.481,0.0802,0.06747,2.174e-05
ADN,0.0458,0.007636,0.006424,2.07e-06
ADST,0.9066,0.1519,0.1274,4.127e-05
ADT,0.2129,0.03545,0.02986,9.62e-06
ADX,3.55,0.5911,0.4978,0.0001604
ADZ,0.2559,0.0426,0.03588,1.156e-05
AE,1.87,0.3106,0.2616,8.43e-05
AEC,0.02589,0.004311,0.003631,1.17e-06
AEON,4.45,0.7414,0.6244,0.0002012
AERO,0.06086,0.01013,0.008535,2.75e-06
AGRS,2.1,0.3491,0.294,9.474e-05
AGS,0.01394,0.002322,0.001955,6.3e-07
AHT,1.33,0.2211,0.1862,6e-05
AIB,0.02811,0.00468,0.003941,1.27e-06
AIR,0.0004427,0.02183,0.01832,2e-08
ALC,0.000664,0.0001106,9.31e-05,3e-08
ALEX,0.3966,0.06596,0.05555,1.79e-05
ALF,0.003988,0.0006633,0.0005583,1.8e-07
ALN,0.003323,0.0005527,0.0004653,1.5e-07
AM,1.56,0.2588,0.2179,7.024e-05
AMB,1.53,0.2563,0.2153,6.964e-05
AMBER,0.03564,0.005932,0.004994,1.61e-06
AMC,0.00996,0.001658,0.001396,4.5e-07
AMIS,3365.54,563.34,473.14,0.1531
AMP,0.8575,0.1428,0.1202,3.874e-05
AMS,0.029,0.004828,0.004064,1.31e-06
AMY,0.003984,0.0006633,0.0005584,1.8e-07
ANAL,1.91,0.3173,0.2671,8.611e-05
ANC,0.7528,0.1254,0.1055,3.401e-05
AND,0.002877,6.205e-05,0.0004033,1.3e-07
ANT,10.54,1.75,1.48,0.0004761
ANTI,0.01926,0.015,0.002699,8.7e-07
APC,1.61,0.2685,0.226,7.285e-05
APEX,0.02855,0.004755,0.004002,1.29e-06
APT,0.01394,0.002322,0.001954,6.3e-07
APX,44.93,7.48,6.3,0.00203
ARB,0.029,0.004829,0.004065,1.31e-06
ARC*,0.3321,0.05529,0.04654,1.5e-05
ARCH,0.01328,0.002211,0.001862,6e-07
ARCO,0.2692,0.04482,0.03773,1.216e-05
ARDR,0.7228,0.1203,0.1013,3.265e-05
ARG,0.03321,0.005528,0.004654,1.5e-06
ARGUS,0.04162,0.006929,0.005833,1.88e-06
ARI,0.002657,0.0004422,0.0003723,1.2e-07
ARK,17.85,2.97,2.5,0.0008064
ARM,0.0002214,3.685e-05,3.103e-05,1e-08
ARNA,0.006642,0.001106,0.0009308,3e-07
ARPA,0.06243,0.01039,0.00875,2.82e-06
ASAFE,0.0002214,3.685e-05,3.101e-05,1e-08
ASN,0.006863,0.001143,0.0009612,3.1e-07
AST,0.003099,0.000516,0.0004343,1.4e-07
ATB,7.57,1.26,1.06,0.000342
ATM,0.2439,0.04081,0.03428,1.109e-05
ATMS,0.1775,0.02956,0.02486,8.02e-06
ATOM,0.1162,0.01935,0.01628,5.25e-06
ATX,0.01837,0.003059,0.002573,8.3e-07
AUR,3.52,0.5856,0.4926,0.0001589
AV,0.9401,0.1565,0.1317,4.247e-05
AVT,8.92,1.49,1.25,0.0004058
AXIOM,0.04228,0.007038,0.005925,1.91e-06
AXR,0.05515,0.009175,0.007724,2.49e-06
B3,1.64,0.2736,0.2303,7.424e-05
B@,3.85,0.6407,0.5394,0.0001739
BAC,0.01152,5.01e-06,0.001613,5.2e-07
BAN,0.000886,0.0001474,0.0001241,4e-08
BASH,0.0144,0.002395,0.002016,6.5e-07
BAT,1.27,0.211,0.1776,5.726e-05
BAY,0.1196,0.0199,0.01675,5.4e-06
BBCC,0.02835,0.004717,0.003971,1.28e-06
BBR,1.24,0.2065,0.1739,5.605e-05
BCAP,5.92,0.9903,0.8327,0.0002692
BCCOIN,664.06,110.47,93.0,0.02998
BCF,0.06579,0.01094,0.009213,2.97e-06
BCH,2503.76,419.79,354.4,0.114
BCN,0.007309,0.001199,0.001023,3.3e-07
BCR,0.08838,0.0147,0.01237,3.99e-06
BCX,0.01617,0.00269,0.002264,7.3e-07
BCY,2.15,0.3577,0.301,9.706e-05
BELA,0.7985,0.1328,0.1118,3.605e-05
BEN,0.03106,0.005159,0.004341,1.4e-06
BENJI,0.02351,0.003905,0.003287,1.06e-06
BERN,0.006433,0.001068,0.0008993,2.9e-07
BEST,0.004659,0.0007736,0.0006512,2.1e-07
BET,0.4023,0.0673,0.0566,1.83e-05
BET*,0.3675,0.06138,0.05163,1.669e-05
BFX,19.19,0.9998,2.69,0.0008662
BHC,0.3765,0.06263,0.05271,1.7e-05
BIC,0.02392,0.003979,0.003349,1.08e-06
BIGUP,0.0002215,3.684e-05,3.101e-05,1e-08
BIOB,0.08882,0.01477,0.01243,4.01e-06
BIOS,0.009081,0.000614,0.001271,4.1e-07
BIP,0.2102,0.03496,0.02943,9.49e-06
BIT16,0.02503,0.004162,0.003504,1.13e-06
BITB,0.01617,0.002689,0.002264,7.3e-07
BITCNY,1.4,0.3684,0.3101,0.0001
BITOK,0.0002215,3.684e-05,3.101e-05,1e-08
BITS,0.0711,0.01182,0.009954,3.21e-06
BITUSD,6.33,1.0,4.41,0.001421
BITZ,1.74,0.2892,0.2434,7.849e-05
BLAS,0.001772,0.0002947,0.000248,8e-08
BLAZR,0.003987,0.0006631,0.0005583,1.8e-07
BLC,0.05006,0.008326,0.00701,2.26e-06
BLITZ,8.05,1.34,1.13,0.0003635
BLK,1.06,0.1766,0.1487,4.795e-05
BLOCK,125.37,20.85,17.56,0.00566
BLRY,0.02769,0.004605,0.003877,1.25e-06
BLU,0.02348,0.003905,0.003288,1.06e-06
BM,0.0002215,4.135e-05,3.102e-05,1e-08
BMC,4.33,0.721,0.607,0.0001957
BNB,4.59,0.7633,0.6427,0.0002072
BNB*,0.5154,0.08575,0.07218,2.327e-05
BNC,7.31,1.22,1.02,0.00033
BNT,12.8,2.13,1.79,0.000578
BNX,0.004208,0.0007001,0.0005894,1.9e-07
BOAT,0.01329,0.002211,0.001861,6e-07
BOB,0.09635,0.01603,0.01349,4.35e-06
BOLI,0.07797,0.01297,0.01092,3.52e-06
BOMB,0.0002215,3.685e-05,3.102e-05,1e-08
BON,0.0002215,3.685e-05,3.102e-05,1e-08
BOOM,13.29,2.21,1.86,0.0006
BOS,3.63,0.6043,0.5087,0.000164
BOSON,0.000443,7.37e-05,6.204e-05,2e-08
BOSS,1.62,0.269,0.2264,7.299e-05
BOST,0.0237,0.003943,0.003319,1.07e-06
BQC,0.0038,0.001474,0.001241,4e-07
BQX,4.92,0.8249,0.6916,0.0002239
BRAIN,0.05072,0.00844,0.007103,2.29e-06
BRDD,0.01285,0.002138,0.001799,5.8e-07
BRIT,0.1772,0.02949,0.0248,8e-06
BRK,0.8709,0.1449,0.1219,3.932e-05
BRO,0.6645,0.1106,0.09306,3e-05
BRONZ,0.1105,0.01839,0.01547,4.99e-06
BRX,2.88,0.4786,0.4027,0.0001299
BS,0.0002215,3.686e-05,3.1e-05,1e-08
BSC,0.01462,0.002432,0.002046,6.6e-07
BSD,2.38,0.3957,0.3329,0.0001074
BST,16.61,2.76,2.32,0.00075
BSTAR,0.000443,7.369e-05,6.2e-05,2e-08
BSTK,4.92,0.8177,0.6882,0.000222
BSTY,0.04496,0.007477,0.006293,2.03e-06
BTA,3.67,0.6096,0.513,0.0001655
BTB,36.86,6.13,5.16,0.001664
BTC,22152.72,3683.27,3099.79,1.0
BTCD,500.43,83.21,70.02,0.02259
BTCR,0.002215,0.0003683,0.00031,1e-07
BTCRY,0.0004431,7.367e-05,6.2e-05,2e-08
BTCS,0.04475,0.00744,0.006262,2.02e-06
BTD,0.1389,0.0231,0.01944,6.27e-06
BTE,0.07089,0.01179,0.009919,3.2e-06
BTG,1.8,0.2987,0.2514,8.109e-05
BTLC,0.155,0.017,0.0217,7e-06
BTM,0.6865,0.1142,0.09609,3.1e-05
BTM*,0.6055,0.1014,0.08508,2.754e-05
BTMI,0.0002214,3.684e-05,3.1e-05,1e-08
BTPL,0.07086,0.01179,0.009919,3.2e-06
BTQ,0.0186,0.003095,0.002604,8.4e-07
BTS,0.4195,0.0728,0.06126,1.976e-05
BTTF,0.03897,0.006484,0.005457,1.76e-06
BTX,29.98,4.99,4.2,0.001354
BTX*,0.00465,2.44e-06,0.0006511,2.1e-07
BTZ,0.01904,0.003168,0.002666,8.6e-07
BUCKS,6.22,1.04,0.8715,0.0002811
BUK,8.97,1.49,1.26,0.000405
BURST,0.04761,0.00792,0.006666,2.15e-06
BUZZ,0.009079,0.00151,0.001271,4.1e-07
BVC,0.06953,0.01157,0.009735,3.14e-06
BXC,0.01019,0.001695,0.001426,4.6e-07
BXT,1.11,0.185,0.1557,5.022e-05
BYC,3.11,0.5169,0.435,0.0001403
C2,0.005755,0.0009578,0.0008061,2.6e-07
CAB,0.01483,0.002468,0.002077,6.7e-07
CACH,0.08256,0.01374,0.01156,3.73e-06
CAIX,0.1116,0.01857,0.01563,5.04e-06
CALC,0.004869,0.0008105,0.0006821,2.2e-07
CAM,0.00996,0.001658,0.001395,4.5e-07
CANN,0.1715,0.02855,0.02403,7.75e-06
CAP,0.004648,0.0007736,0.0006511,2.1e-07
CARBON,0.0002213,3.684e-05,3.1e-05,1e-08
CASH,0.02346,0.003905,0.003286,1.06e-06
CAT,4.71,0.7855,0.6593,0.0002134
CAT*,0.2163,0.0366,0.03029,9.77e-06
CBD,0.008411,0.001402,0.001178,3.8e-07
CBX,8.89,1.48,1.25,0.0004018
CC,0.0006641,0.0001107,9.301e-05,3e-08
CCC,0.0002214,3.688e-05,3.1e-05,1e-08
CCN,0.3457,0.05759,0.04844,1.562e-05
CCRB,1.72,0.2861,0.2406,7.758e-05
CCX,0.05379,0.00896,0.007536,2.43e-06
CDN,0.02767,0.004609,0.003876,1.25e-06
CDT,0.1929,0.03219,0.02703,8.75e-06
CELL,0.1109,0.01,0.01554,5.01e-06
CESC,0.001107,0.0001844,0.0001551,5e-08
CETI,0.0006641,0.0001106,9.303e-05,3e-08
CF,0.09761,0.01626,0.01368,4.41e-06
CFC,0.005534,0.0009219,0.0007753,2.5e-07
CFI,0.7599,0.1266,0.1065,3.433e-05
CFT,0.02855,0.004757,0.004,1.29e-06
CGA,0.5202,0.08667,0.0729,2.35e-05
CHA,0.9447,0.1574,0.1324,4.268e-05
CHAO,694286.95,115669.64,97297.22,31.37
CHASH,0.2229,0.03714,0.03124,1.007e-05
CHAT,0.1549,0.02582,0.02171,7e-06
CHC,1.08,0.1792,0.1507,4.858e-05
CHESS,0.01018,0.001697,0.001427,4.6e-07
CHIEF,0.0004427,7.376e-05,6.204e-05,2e-08
CHILD,0.0166,0.002766,0.002327,7.5e-07
CHIP,0.009518,0.001586,0.001334,4.3e-07
CHOOF,0.0002214,3.689e-05,3.102e-05,1e-08
CIN,0.3989,0.06646,0.0559,1.802e-05
CINNI,0.03409,0.00568,0.004777,1.54e-06
CIR,0.0002214,3.688e-05,3.102e-05,1e-08
CIRC,1.55,0.05,0.2172,7.003e-05
CJ,0.001328,0.0002213,0.0001861,6e-08
CJC,0.002213,0.0003688,0.0003102,1e-07
CKC,0.04183,0.006972,0.005863,1.89e-06
CLAM,47.52,7.92,6.66,0.002147
CLICK,0.02457,0.004095,0.003443,1.11e-06
CLINT,0.0363,0.00605,0.005087,1.64e-06
CLOAK,41.39,6.9,5.81,0.00187
CLR,0.01173,0.001955,0.001646,5.3e-07
CLUB,2.54,0.4227,0.3558,0.0001146
CLUD,0.0006641,0.0001107,9.315e-05,3e-08
CLV,0.002213,0.0002301,0.0003105,1e-07
CMC,0.0467,0.007782,0.006552,2.11e-06
CMP,22.09,3.68,3.1,0.0009978
CMPCO,0.002213,0.0003688,0.0003105,1e-07
CMT,0.2703,0.04503,0.03791,1.221e-05
CNC,0.0065,0.001586,0.001335,4.3e-07
CND,0.2152,0.0361,0.0303,9e-06
CNL,0.009075,0.001512,0.001273,4.1e-07
CNMT,2.91,0.4854,0.4086,0.0001316
CNO,0.002435,0.0004057,0.0003415,1.1e-07
CNT,0.5642,0.09401,0.07915,2.549e-05
CNX,1.65,0.2765,0.2319,7.496e-05
COB,0.2942,0.04937,0.04142,1.339e-05
COC,0.01638,0.00273,0.002298,7.4e-07
COE,278.13,50.0,39.02,0.01247
COIN,0.000446,7.441e-05,6.258e-05,2e-08
COMM,0.002899,0.0004837,0.0004068,1.3e-07
CON,0.0136,0.002269,0.001909,6.1e-07
COOL,0.005799,0.0009673,0.0008136,2.6e-07
CORAL,0.002676,0.0004464,0.0003756,1.2e-07
CORE,14.52,2.42,2.04,0.0006511
COSS,0.2975,0.05011,0.04195,1.346e-05
COV,78.9,13.16,11.07,0.003538
COVAL,0.02989,0.004986,0.004194,1.34e-06
COX,0.000223,3.721e-05,3.13e-05,1e-08
CPC,3.5,0.5842,0.4914,0.000157
CQST,0.002007,0.0003349,0.0002817,9e-08
CRAB,0.007806,0.001302,0.001095,3.5e-07
CRACK,0.01093,0.001824,0.001534,4.9e-07
CRAFT,0.009813,0.001638,0.001377,4.4e-07
CRAIG,0.004237,0.0007071,0.0005944,1.9e-07
CRAVE,11.26,1.88,1.58,0.0005048
CRBIT,3.38,0.5646,0.4746,0.0001517
CRC,0.00223,0.0003722,0.0003129,1e-07
CRE,0.1804,0.0001916,0.02531,8.09e-06
CREA,1.0,0.1676,0.1409,4.503e-05
CREVA,0.00736,0.001228,0.001032,3.3e-07
CRM,0.07293,0.01217,0.01023,3.27e-06
CRNK,0.6655,0.1111,0.09336,2.984e-05
CRPS,312.46,52.14,43.83,0.01401
CRW,9.07,1.51,1.27,0.0004069
CRX,0.00513,0.000856,0.0007196,2.3e-07
CRYPT,0.6642,0.1108,0.09317,2.978e-05
CS,0.09345,0.01559,0.01311,4.19e-06
CSC,0.3121,0.0521,0.0438,1.4e-05
CSH,0.0002229,5.1e-07,3.129e-05,1e-08
CSMIC,0.09033,0.01507,0.01267,4.05e-06
CSNO,0.8921,0.1488,0.1251,4e-05
CTC,0.04458,0.007441,0.006257,2e-06
CTIC,0.0004458,7.442e-05,6.249e-05,2e-08
CTO,0.06531,0.0001,0.009167,2.93e-06
CTR,6.77,1.14,0.9566,0.0003067
CUBE,11.15,1.86,1.56,0.0005
CURE,1.24,0.2072,0.174,5.569e-05
CV2,0.0008917,0.0001488,0.0001249,4e-08
CVC,2.06,0.3437,0.2886,9.238e-05
CWXT,0.00245,0.0004093,0.0003437,1.1e-07
CXC,0.0441,0.007368,0.006187,1.98e-06
CXT,0.02651,0.004428,0.003724,1.19e-06
CYC,0.005123,0.0008559,0.0007197,2.3e-07
CYG,0.005123,0.0008559,0.0007197,2.3e-07
CYP,0.09155,1.336e-05,0.01286,4.11e-06
CYT,133.52,22.31,18.76,0.005994
DANK,0.006014,0.001005,0.0008448,2.7e-07
DAR,2.11,0.3527,0.2966,9.479e-05
DARK,0.486,0.0812,0.06828,2.182e-05
DAS,0.8901,0.1488,0.1251,3.996e-05
DASH,2110.03,352.01,297.03,0.09473
DB,0.7656,0.128,0.1076,3.437e-05
DBG,0.01426,0.002383,0.002003,6.4e-07
DBIC,1.67,0.2787,0.2343,7.486e-05
DBIX,22.34,3.73,3.14,0.001003
DBTC,0.01225,0.002048,0.00172,5.5e-07
DCC,0.0452,0.007557,0.006349,2.03e-06
DCK,0.008684,0.001452,0.001219,3.9e-07
DCN,0.001559,0.0002606,0.0002189,7e-08
DCR,202.34,33.83,28.42,0.009087
DCRE,1.32,0.2199,0.1847,5.906e-05
DCT,3.07,0.5132,0.4309,0.0001378
DCY,0.001781,0.0002979,0.0002501,8e-08
DDF,0.8712,0.1469,0.1232,3.946e-05
DEA,0.001781,0.000298,0.0002501,8e-08
DEEP,9.89,1.57,1.39,0.000444
DELTA,6.69,1.12,0.9383,0.0003
DEM,0.05188,0.008689,0.007288,2.33e-06
DENT,0.003382,0.0005703,0.0004781,1.5e-07
DES,0.08948,0.01495,0.01256,4.01e-06
DETH,0.01517,0.002536,0.002129,6.8e-07
DEUR,0.0002231,7.5e-07,3.128e-05,1e-08
DFT,1.36,0.2269,0.1906,6.085e-05
DGB,0.07966,0.01331,0.01118,3.57e-06
DGC,0.01763,0.002946,0.002475,7.9e-07
DGD,408.8,68.81,57.69,0.01849
DGDC,0.853,0.1425,0.1197,3.82e-05
DGMS,0.0008932,0.0001492,0.0001253,4e-08
DGORE,0.00268,4e-08,0.0003759,1.2e-07
DICE,22.23,3.74,3.14,0.001005
DIEM,0.0002233,3.73e-05,3.133e-05,1e-08
DIGS,0.0008932,0.0001492,0.0001253,4e-08
DIME,1.711e-05,1e-05,2.41e-06,1e-08
DISK,0.00402,0.0006714,0.0005639,1.8e-07
DKC,0.003796,0.0006341,0.0005325,1.7e-07
DLC,0.05002,0.008356,0.007017,2.24e-06
DLISK,0.00134,0.0002238,0.0001879,6e-08
DMD,44.3,7.4,6.21,0.001984
DNET,0.5739,0.09584,0.08052,2.57e-05
DNR,2.31,0.3863,0.3246,0.0001036
DNT,0.2061,0.03442,0.02892,9.23e-06
DOGE,0.0051,0.0009,0.0007519,2.4e-07
DOGED,0.002233,6.979e-05,0.0003133,1e-07
DOGETH,0.01005,0.001679,0.00141,4.5e-07
DOPE,0.1689,0.0282,0.02368,7.56e-06
DOT,0.02614,0.004363,0.003665,1.17e-06
DOV,0.0002234,8e-08,3.133e-05,1e-08
DP,0.3638,0.06071,0.051,1.628e-05
DPAY,0.001564,0.000261,0.0002193,7e-08
DRA,0.7534,0.1257,0.1056,3.372e-05
DRACO,0.07106,0.01186,0.009963,3.18e-06
DRKC,0.2188,0.03651,0.03067,9.79e-06
DRKT,2.58,0.43,0.3612,0.0001153
DRM8,0.0002234,2.612e-05,3.133e-05,1e-08
DROP,1.32,0.718,0.1845,5.889e-05
DRZ,0.04,0.006677,0.005608,1.79e-06
DSB,0.08513,0.01421,0.01194,3.81e-06
DSH,0.1039,0.01735,0.01457,4.65e-06
DT,0.008491,0.001418,0.00119,3.8e-07
DTB,2.79,0.4664,0.3916,0.000125
DTC,0.0096,0.0006752,0.003134,1e-06
DUB,0.006025,0.001008,0.0008462,2.7e-07
DUCK,1024.21,171.27,143.85,0.0459
DUO,2.05,0.3423,0.2875,9.173e-05
DUX,0.0002232,3.732e-05,3.134e-05,1e-08
DVC,3e-05,0.0001493,0.0001254,4e-08
DYN,11.98,2.0,1.68,0.000537
EA,0.05467,0.009143,0.007679,2.45e-06
EAC,0.0004463,7.464e-05,6.268e-05,2e-08
EAGS,0.06114,0.01023,0.008588,2.74e-06
EB3,1.34,0.2522,0.1881,6e-05
EBS,0.07699,0.01288,0.01081,3.45e-06
EC,2.21,0.01445,0.311,9.923e-05
ECO,0.5639,0.0943,0.0792,2.527e-05
ECOB,0.1107,0.01851,0.01556,4.96e-06
EDC,0.003347,0.0005598,0.0004706,1.5e-07
EDG,5.28,0.8825,0.742,0.0002365
EDGE,0.02209,0.003694,0.003106,9.9e-07
EDR,0.04731,0.00847,0.006651,2.12e-06
EDRC,0.0973,0.01627,0.01368,4.36e-06
EFL,0.5981,0.1,0.08408,2.68e-05
EFYT,22.32,3.73,3.14,0.001
EGC,1.12,0.1871,0.1573,5.013e-05
EGG,0.08414,0.01407,0.01183,3.77e-06
EGO,0.001785,0.0002986,0.000251,8e-08
EKN,0.05825,0.01,0.008189,2.61e-06
EKO,0.0004463,7.465e-05,6.275e-05,2e-08
ELC,1.12,0.1865,0.1568,4.997e-05
ELE,0.01294,0.002165,0.001821,5.8e-07
ELS,0.01629,0.002725,0.002292,7.3e-07
EMB,0.0006695,0.000112,9.421e-05,3e-08
EMC,3.58,0.5988,0.5036,0.0001604
EMC2,0.3716,0.06215,0.05229,1.665e-05
EMD,0.03839,0.00642,0.005401,1.72e-06
EMPC,0.0008927,0.0001493,0.0001256,4e-08
EMT,1.71,0.2882,0.2416,7.741e-05
ENE,0.4772,0.07981,0.06713,2.138e-05
ENRG,0.6857,0.1147,0.09634,3.067e-05
ENT,1.0,0.1677,0.1409,4.485e-05
ENTER,0.0002236,3.739e-05,3.141e-05,1e-08
EOC,0.009374,0.00157,0.001319,4.2e-07
EOS,3.38,0.5643,0.4749,0.0001512
EPY,290.66,1.0,40.88,0.01301
EQ,0.8264,0.1384,0.1162,3.7e-05
EQM,0.1787,0.02992,0.02513,8e-06
EQT,2.8,0.469,0.3939,0.0001254
EQUAL,0.0004467,7.48e-05,6.28e-05,2e-08
ERC,3.31,0.5534,0.4647,0.000148
ERR,0.001117,0.000187,0.000157,5e-08
ERY,0.0507,0.008489,0.007126,2.27e-06
ESP,0.0002234,3.739e-05,3.139e-05,1e-08
ETB,18.99,3.18,2.67,0.00085
ETC,62.65,10.52,8.88,0.002828
ETH,1712.3,288.51,241.72,0.07741
ETHS,0.03311,0.005535,0.004646,1.48e-06
ETT,0.294,0.04914,0.04125,1.314e-05
EUC,0.066,0.01103,0.009261,2.95e-06
EVENT,0.00537,0.0008976,0.0007534,2.4e-07
EVIL,0.02506,0.004189,0.003516,1.12e-06
EVX,,3.67,,
EXB,0.004027,0.0006731,0.0005651,1.8e-07
EXCL,7.83,1.31,1.1,0.00035
EXE,0.1604,0.02681,0.02252,7.17e-06
EXIT,0.0002237,3.74e-05,3.14e-05,1e-08
EXP,13.36,2.23,1.87,0.000597
EZC,0.004922,0.0008227,0.0006908,2.2e-07
F16,0.0002237,3.74e-05,3.14e-05,1e-08
FAIR,4.24,0.7087,0.5951,0.0001895
FAME,0.007159,0.001197,0.001005,3.2e-07
FAZZ,0.0179,0.002992,0.002512,8e-07
FC,0.1714,0.02885,0.02419,7.74e-06
FC2,0.02551,0.004264,0.00358,1.14e-06
FCN,0.4893,0.08179,0.06867,2.187e-05
FCS,0.002014,0.0003366,0.0002826,9e-08
FCT,101.62,16.99,14.26,0.004542
FFC,0.0004475,7.48e-05,6.28e-05,2e-08
FGZ,0.001342,0.0002244,0.0001884,6e-08
FIBRE,1.64,0.2739,0.2298,7.32e-05
FIND,0.02193,0.003667,0.003077,9.8e-07
FIRE,2.98,0.498,0.4179,0.0001331
FIRST,0.06622,0.01108,0.009295,2.96e-06
FIST,0.001566,0.0002619,0.0002198,7e-08
FIT,0.0002237,6.01e-06,3.14e-05,1e-08
FJC,0.002461,0.0004116,0.0003454,1.1e-07
FLDC,0.05459,0.009129,0.007661,2.44e-06
FLO,0.4155,0.06948,0.05831,1.857e-05
FLT,0.003356,0.0005612,0.000471,1.5e-07
FLVR,0.009842,0.001646,0.001381,4.4e-07
FLX,0.03422,0.005723,0.004804,1.53e-06
FLY,5.17,0.8645,0.7256,0.0002311
FONZ,0.001342,0.0002244,0.0001884,6e-08
FOREX,0.0002237,3.741e-05,3.14e-05,1e-08
FRAC,0.5366,0.08974,0.07533,2.399e-05
FRC,0.04004,0.006696,0.005621,1.79e-06
FRE,0.001342,0.0002245,0.0001884,6e-08
FRK,0.4211,0.0704,0.05909,1.882e-05
FRN,0.2264,0.03786,0.03178,1.012e-05
FRST,44.3,7.41,6.22,0.00198
FRWC,0.01141,0.001908,0.0016,5.1e-07
FSC2,0.006712,0.001122,0.0009413,3e-07
FSN,0.0273,0.004565,0.003831,1.22e-06
FST,0.02976,0.004976,0.004173,1.33e-06
FTC,0.225,0.0413,0.03464,1.104e-05
FTP,0.06488,0.01085,0.0091,2.9e-06
FUCK,0.1532,0.02582,0.02164,6.92e-06
FUEL,0.5142,0.08666,0.07261,2.321e-05
FUN,0.1192,0.01994,0.01672,5.33e-06
FUNC,0.2759,0.04651,0.03897,1.224e-05
FUTC,0.007159,0.001197,0.001004,3.2e-07
FUZZ,0.01991,0.00333,0.002793,8.9e-07
FX,0.0004475,7.482e-05,6.277e-05,2e-08
FYN,12.16,2.05,1.72,0.0005489
GAIA,0.06734,0.01126,0.009447,3.01e-06
GAKH,0.01633,0.002731,0.002291,7.3e-07
GAM,65.78,10.99,9.23,0.00294
GAME,10.05,1.68,1.41,0.000449
GAP,0.02416,0.004038,0.00339,1.08e-06
GAS,89.49,14.95,12.55,0.004
GAY,0.1588,0.02654,0.02228,7.1e-06
GB,0.02528,0.004224,0.003547,1.13e-06
GBIT,0.01499,0.002505,0.002103,6.7e-07
GBRC,0.0006712,0.0001122,9.416e-05,3e-08
GBT,0.006712,0.001122,0.0009416,3e-07
GBYTE,1297.65,216.84,182.03,0.058
GCC,0.07227,0.01208,0.01014,3.23e-06
GCN,0.0002237,3.739e-05,3.139e-05,1e-08
GCR,0.2334,0.03899,0.03272,1.043e-05
GDC,0.0002237,3.739e-05,3.139e-05,1e-08
GEMZ,0.0217,0.003626,0.003043,9.7e-07
GEN,0.02461,0.004112,0.003451,1.1e-06
GEO,6.17,1.03,0.8644,0.0002755
GGS,2.2,0.372,0.3116,9.961e-05
GHC,0.04635,0.007738,0.006495,2.07e-06
GHOUL,0.0002239,3.2e-05,3.138e-05,1e-08
GHS,1.31,0.2194,0.1842,7.3e-07
GIFT,0.006942,0.001159,0.0009726,3.1e-07
GIG,0.2302,0.03843,0.03225,1.028e-05
GIVE,0.0008957,0.0001495,0.0001255,4e-08
GIZ,0.00112,0.0001869,0.0001569,5e-08
GLC,0.0374,0.006243,0.005239,1.67e-06
GLD,0.6919,0.1155,0.09694,3.09e-05
GLOBE,0.0002239,3.738e-05,3.137e-05,1e-08
GLX,0.001567,0.0002617,0.0002196,7e-08
GLYPH,2.15,0.3586,0.3009,9.591e-05
GMC,1.49,0.001,0.2095,6.67e-05
GML,0.02732,0.004562,0.003831,1.22e-06
GMX,0.004031,0.0002556,0.0005652,1.8e-07
GNJ,0.0002239,2e-08,3.14e-05,1e-08
GNO,558.38,94.37,79.03,0.02527
GNT,1.5,0.2512,0.2109,6.717e-05
GOAT,0.01321,0.002206,0.001853,5.9e-07
GOLOS,0.5798,0.09678,0.0813,2.589e-05
GOOD,0.003915,0.0006617,0.0005539,1.8e-07
GOON,0.00112,0.0001869,0.000157,5e-08
GOT,0.0008957,0.0001495,0.0001256,4e-08
GOTX,0.0002239,3.738e-05,3.14e-05,1e-08
GP,0.1805,0.03013,0.02531,8.06e-06
GPL,1.04,0.1738,0.146,4.65e-05
GPU,0.01008,0.001682,0.001413,4.5e-07
GRAM,0.001344,0.0002243,0.0001884,6e-08
GRAV,1.18,0.1974,0.1659,5.282e-05
GRC,0.1903,0.03177,0.02669,8.5e-06
GRE,0.02015,0.003364,0.002826,9e-07
GREXIT,0.01635,0.002728,0.002292,7.3e-07
GRID,0.008509,0.0001,0.001193,3.8e-07
GRM,0.03269,0.005457,0.004585,1.46e-06
GROW,0.2313,0.03862,0.03244,1.033e-05
GRS,0.9631,0.1608,0.1351,4.301e-05
GRT,0.003135,0.0005234,0.0004396,1.4e-07
GRW,0.004478,0.0007477,0.0006281,2e-07
GRWI,6.64,1.11,0.9314,0.0002966
GSM,0.07815,0.01305,0.01096,3.49e-06
GSX,0.2257,0.03768,0.03166,1.008e-05
GSY,0.3589,0.05993,0.05034,1.603e-05
GUE,0.02642,0.004411,0.003706,1.18e-06
GUNS,0.1711,0.02888,0.02419,7.74e-06
GUP,0.9859,0.1646,0.1383,4.403e-05
GXC,0.1993,0.03327,0.02796,8.9e-06
HAL,0.07277,0.01215,0.01021,3.25e-06
HALLO,0.00112,0.0001869,0.0001571,5e-08
HAMS,0.05934,0.009904,0.008325,2.65e-06
HAZE,0.02396,0.003999,0.003361,1.07e-06
HBN,0.03157,0.005269,0.00443,1.41e-06
HBT,0.6902,0.1164,0.09753,3.118e-05
HCC,0.002462,0.0004111,0.0003456,1.1e-07
HEAT,0.896,0.1496,0.1258,4.003e-05
HEDG,0.01298,0.002168,0.001822,5.8e-07
HEEL,0.01119,0.001869,0.001571,5e-07
HILL,0.0002238,7.1e-07,3.141e-05,1e-08
HIRE,0.05753,0.0005641,0.008074,2.57e-06
HKG,0.02529,0.004224,0.00355,1.13e-06
HMP,0.0004477,7.475e-05,6.283e-05,2e-08
HMQ,0.7339,0.1225,0.103,3.279e-05
HNC,0.1119,0.01869,0.01571,5e-06
HODL,0.01522,0.008,0.002136,6.8e-07
HONEY,1.59,0.266,0.2238,7.123e-05
HPC,1.7,0.2842,0.2392,7.615e-05
HRB,104.43,17.6,14.76,0.004719
HSP,0.02753,0.004591,0.003864,1.23e-06
HTC,0.0004477,7.465e-05,6.283e-05,2e-08
HTML5,0.0006715,0.000112,9.424e-05,3e-08
HUC,0.5791,0.09656,0.08127,2.587e-05
HUGE,0.002015,0.0005396,0.0002825,9e-08
HUSH,9.0,1.5,1.26,0.0004019
HVC,0.005372,0.0008959,0.0007533,2.4e-07
HVCO,0.07275,0.01213,0.0102,3.25e-06
HVN,0.1318,0.0222,0.0186,6.18e-06
HXX,0.1155,0.01926,0.0162,5.16e-06
HYP,0.008506,0.001419,0.001193,3.8e-07
HYPER,0.1831,0.03054,0.02568,8.18e-06
HZ,0.0004477,7.467e-05,6.278e-05,2e-08
HZT,0.02686,0.004481,0.003767,1.2e-06
I0C,0.141,0.02352,0.01978,6.3e-06
IBANK,0.01209,0.002016,0.001695,5.4e-07
ICASH,0.0282,0.004705,0.003955,1.26e-06
ICB,0.1457,0.02431,0.02043,6.51e-06
ICE,2.55,0.4302,0.3603,0.0001153
ICN,8.94,1.49,1.25,0.0003998
ICOB,0.004026,0.0006721,0.000565,1.8e-07
ICON,0.8989,0.1501,0.1262,4.019e-05
ICOS,3376.5,568.8,476.35,0.1525
IEC,0.1432,0.0044,0.02009,6.4e-06
IFC,5.6e-05,7.467e-05,6.278e-05,2e-08
IFLT,0.0002237,3.734e-05,3.139e-05,1e-08
IFT,0.3433,0.05731,0.04818,1.535e-05
IGNIS,0.8707,0.1467,0.1228,3.931e-05
ILC,1.52,0.2539,0.2135,6.8e-05
IML,0.4165,0.07016,0.05876,1.881e-05
IMPCH,0.1593,0.02658,0.02235,7.12e-06
IMPS,0.004026,0.0006721,0.000565,1.8e-07
IMS,0.07381,0.01232,0.01036,3.3e-06
IMX,0.0008947,0.0001493,0.0001256,4e-08
IN,0.0004474,7.468e-05,6.278e-05,2e-08
INC,0.02103,0.00351,0.002951,9.4e-07
INCNT,0.9918,0.1656,0.1392,4.434e-05
INCP,0.03243,0.005414,0.004552,1.45e-06
IND,0.7718,0.1299,0.1088,3.482e-05
INFX,3.78,0.6325,0.5318,0.0001694
INPAY,0.8693,0.1453,0.1221,3.891e-05
INSANE,0.2949,0.04928,0.04144,1.32e-05
INSN,0.3999,0.06683,0.05623,1.79e-05
INV,0.0008936,0.0001493,0.0001256,4e-08
IOC,19.73,3.3,2.77,0.0008832
ION,7.68,1.28,1.08,0.0003437
IOP,20.5,3.43,2.88,0.0009175
IOT,3.17,0.5301,0.446,0.000142
IOU,0.005809,0.0009707,0.0008167,2.6e-07
IPC,0.001117,0.0001867,0.0001571,5e-08
ISL,0.2507,0.0001032,0.03524,1.122e-05
IVZ,2.46,0.4108,0.3456,0.00011
IW,0.0004468,7.468e-05,6.281e-05,2e-08
IXC,0.3802,0.06348,0.05339,1.7e-05
IXT,1.89,0.3182,0.2664,8.528e-05
J,0.1345,0.02248,0.01891,6.02e-06
JANE,0.000448,7.468e-05,6.28e-05,2e-08
JBS,7.68,1.28,1.08,0.0003428
JIF,0.02487,0.004144,0.003485,1.11e-06
JIO,0.01613,0.002688,0.002261,7.2e-07
JKC,0.003808,0.0006348,0.0005337,1.7e-07
JNS,0.267,0.0445,0.03742,1.192e-05
JOBS,0.000672,0.000112,9.419e-05,3e-08
JOK,0.000224,3.734e-05,3.14e-05,1e-08
JPC,0.4406,0.07344,0.06176,1.967e-05
JUDGE,0.0177,0.00295,0.00248,7.9e-07
JWL,0.01277,0.002128,0.00179,5.7e-07
KARM,0.000224,3.734e-05,3.14e-05,1e-08
KAT,0.009177,0.001531,0.001288,4.1e-07
KAYI,0.000672,0.000112,9.421e-05,3e-08
KC,0.09692,3.7e-07,0.0136,4.33e-06
KDC,0.01074,0.001792,0.001507,4.8e-07
KED,0.06491,0.01083,0.009107,2.9e-06
KEY,0.7358,0.1227,0.1032,3.287e-05
KGC,0.0008954,0.0001493,0.0001256,4e-08
KING,3.87,0.6458,0.5433,0.000173
KLC,0.003805,0.0006346,0.0005338,1.7e-07
KMD,11.12,1.86,1.56,0.000497
KNC,11.03,1.84,1.55,0.0004927
KOBO,0.1603,0.02673,0.02248,7.16e-06
KORE,29.03,4.84,4.07,0.001297
KR,0.8241,0.1375,0.1157,3.685e-05
KRAK,0.4697,0.07839,0.06594,2.1e-05
KRB,0.5057,0.0844,0.071,2.261e-05
KRC,0.0002236,6.7e-07,3.14e-05,1e-08
KRONE,0.09572,0.01598,0.01344,4.28e-06
KTK,0.7977,0.1331,0.112,3.567e-05
KUBO,0.0002236,3.733e-05,3.14e-05,1e-08
KURT,0.04898,0.008174,0.006877,2.19e-06
KUSH,0.1049,0.01751,0.01473,4.69e-06
LAB,0.05949,0.009929,0.008353,2.66e-06
LANA,0.001118,0.0001866,0.000157,5e-08
LAZ,0.007604,0.001269,0.001068,3.4e-07
LBC,1.25,0.2079,0.1749,5.571e-05
LBTC,0.01141,0.001904,0.001601,5.1e-07
LC,0.0002236,3.732e-05,3.14e-05,1e-08
LDOGE,0.0004473,7.46e-05,6.279e-05,2e-08
LEA,0.0006709,0.000112,9.419e-05,3e-08
LEMON,0.003355,0.0005599,0.000471,1.5e-07
LENIN,0.004697,0.0007832,0.0006593,2.1e-07
LEO,1.62,0.2706,0.2278,7.255e-05
LEPEN,0.0002236,3.73e-05,3.14e-05,1e-08
LFC,0.0006709,1.001e-05,9.419e-05,3e-08
LGBTQ,0.008722,0.001455,0.001224,3.9e-07
LGD,6.02,1.0,0.8447,0.0002691
LIMX,0.6933,0.1156,0.0973,3.1e-05
LINDA,0.002239,0.0003729,0.0003139,1e-07
LINX,0.4793,0.07983,0.0672,2.141e-05
LIR,0.002686,0.0004475,0.0003767,1.2e-07
LIV,0.0002239,3.729e-05,3.139e-05,1e-08
LK7,0.001343,0.0002237,0.0001883,6e-08
LKY,0.0112,0.001864,0.001569,5e-07
LMC,0.2859,0.04761,0.04008,1.277e-05
LNK,148.34,24.99,20.96,0.006716
LOC,0.0004479,7.456e-05,6.274e-05,2e-08
LOG,0.5433,0.09044,0.07611,2.426e-05
LOOK,0.0004479,7.456e-05,6.272e-05,2e-08
LQD,11.49,1.91,1.61,0.000513
LSD,0.0002239,3.729e-05,3.136e-05,1e-08
LSK,34.85,5.8,4.88,0.001556
LTB,1.96,0.3266,0.2747,8.759e-05
LTBC,0.002686,0.0004475,0.0003763,1.2e-07
LTC,287.19,48.07,40.5,0.0129
LTCD,0.01678,0.002797,0.002352,7.5e-07
LTCR,0.003357,0.0005592,0.0004706,1.5e-07
LTCX,0.006714,0.001119,0.0009412,3e-07
LTD,1678473.0,279662.25,235297.5,75.0
LTH,0.001567,0.000261,0.0002196,7e-08
LTS,0.04633,0.007719,0.006497,2.07e-06
LUCKY,0.04364,0.007271,0.006121,1.95e-06
LUN,47.96,7.99,6.73,0.002143
LUX,9.67,1.61,1.36,0.0004322
LVG,11.43,1.9,1.6,0.0005106
LXC,0.3135,0.05223,0.04398,1.401e-05
LYB,0.01835,0.01003,0.002573,8.2e-07
LYC,0.0002238,3.728e-05,3.137e-05,1e-08
M1,11.19,1.86,1.57,0.0005
MAC,0.1137,0.01893,0.01594,5.08e-06
MAD,0.6675,0.1112,0.09358,1e-08
MAID,2.93,0.4849,0.4099,0.0001307
MANA,0.0931,0.01551,0.01305,4.16e-06
MAPC,0.2439,0.04063,0.03418,1.09e-05
MAR,0.1907,0.03176,0.02672,8.52e-06
MARS,0.01074,0.001789,0.001505,4.8e-07
MARV,0.0002229,3.713e-05,3.124e-05,1e-08
MARX,0.01003,0.001671,0.001406,4.5e-07
MARYJ,0.02719,0.0003339,0.003811,1.22e-06
MAT,0.0006687,0.0001114,9.371e-05,3e-08
MAX,0.07244,0.01206,0.01015,3.25e-06
MBI,0.2497,0.04157,0.03499,1.12e-05
MBIT,0.3156,0.05256,0.04423,1.416e-05
MBRS,0.3326,0.05538,0.04661,1.492e-05
MCAP,15.63,2.92,2.19,0.000701
MCAR,0.1003,0.0167,0.01406,4.5e-06
MCN,0.02163,0.003601,0.00303,9.7e-07
MCO,47.5,7.91,6.66,0.002131
MCRN,0.0004458,7.424e-05,6.248e-05,2e-08
MDC,0.007802,0.001299,0.001093,3.5e-07
MDT,0.03745,0.006236,0.005248,1.68e-06
MEC,0.1115,0.01856,0.01562,5e-06
MED,0.6099,0.1032,0.08684,2.78e-05
MEGA,222.92,37.11,31.24,0.01
MEME,0.8007,0.1333,0.1122,3.592e-05
MER,0.1224,0.02037,0.01714,5.49e-06
MET,0.008,0.0005196,0.0004371,1.4e-07
METAL,0.03723,0.006197,0.005214,1.67e-06
MG,0.06242,0.01039,0.008743,2.8e-06
MGO,2.55,0.4245,0.3572,0.0001144
MI,0.0002229,1.271e-05,3.122e-05,1e-08
MIL,0.2963,0.04932,0.0415,1.329e-05
MILO,0.01293,0.002152,0.001811,5.8e-07
MIN,0.1112,0.01852,0.01558,4.99e-06
MINE,0.06598,0.01098,0.009252,2.96e-06
MINEX,0.3874,0.0645,0.05427,1.738e-05
MINT,0.0004458,7.422e-05,6.245e-05,2e-08
MIS,0.05684,0.009463,0.007962,2.55e-06
MKR,22271.98,3708.83,3122.93,0.9991
MLITE,0.0006687,0.0001112,9.382e-05,3e-08
MLN,362.02,60.18,50.79,0.01624
MLS,0.002898,0.0003614,0.0004065,1.3e-07
MM,0.002229,0.0003705,0.0003127,1e-07
MMC,0.081,0.0136,0.01147,3.67e-06
MMNXT,0.1598,0.02657,0.02242,7.17e-06
MMXIV,0.006688,3.98,0.000938,3e-07
MMXVI,0.01248,0.002075,0.001751,5.6e-07
MN,8.92,1.48,1.25,0.0004
MNC,0.004904,0.0008152,0.0006879,2.2e-07
MND,0.01761,0.002927,0.00247,7.9e-07
MNE,6.83,1.28,1.08,0.0003464
MNM,0.1351,0.02245,0.01895,6.06e-06
MNY,0.001783,0.01,0.00025,8e-08
MOIN,0.4391,0.07299,0.06155,1.97e-05
MOJO,0.04458,0.007411,0.006249,2e-06
MONA,2.75,0.4572,0.3856,0.0001234
MONETA,0.001338,0.0002223,0.0001875,6e-08
MONEY,0.0004458,7.41e-05,6.249e-05,2e-08
MOON,0.0002229,4.45e-05,3.124e-05,1e-08
MOOND,0.004235,0.000704,0.0005937,1.9e-07
MOTO,0.007133,0.001186,0.0009998,3.2e-07
MPRO,0.2965,0.04928,0.04156,1.33e-05
MRP,0.07178,0.01193,0.01006,3.22e-06
MRS,0.02697,0.004483,0.003781,1.21e-06
MRSA,0.0002229,3.705e-05,3.124e-05,1e-08
MRT,0.4915,0.0817,0.06889,2.205e-05
MRV,0.1297,0.02169,0.01824,5.87e-06
MRY,0.003567,0.0005929,0.0004999,1.6e-07
MSC,11.42,1.9,1.6,0.0005121
MSP,0.9862,0.1639,0.1382,4.424e-05
MST,1.0,0.1667,0.1406,4.5e-05
MT,10031.49,1667.42,1406.03,0.45
MTH,0.7579,0.126,0.1062,3.4e-05
MTL,48.46,8.05,6.79,0.002174
MTR,0.00379,0.0006298,0.0005312,1.7e-07
MUDRA,0.0002229,8.6e-07,3.124e-05,1e-08
MUE,0.7969,0.1324,0.1117,3.575e-05
MUSIC,0.1268,0.02109,0.01778,5.69e-06
MUU,0.0002229,3.704e-05,3.124e-05,1e-08
MWC,0.00379,0.0006302,0.0005311,1.7e-07
MXT,0.4037,0.06708,0.05658,1.811e-05
MYB,12.97,2.17,1.82,0.0005866
MYC,5.13,990.0,0.719,0.0002301
MYST,5.33,0.8867,0.7473,0.0002392
MYST*,0.3328,0.05535,0.04665,1.493e-05
MZC,0.00156,0.0002595,0.0002187,7e-08
N7,0.002006,0.0003336,0.0002812,9e-08
NAN,0.01338,0.002224,0.001875,6e-07
NANAS,0.3455,0.05746,0.04843,1.55e-05
NAS2,0.4793,0.0797,0.06717,2.15e-05
NAUT,0.7602,0.1264,0.1065,3.41e-05
NAV,4.73,0.7862,0.6627,0.0002121
NBIT,0.1233,0.0205,0.01728,5.53e-06
NBL,0.01159,0.001928,0.001625,5.2e-07
NBT,6.0,0.9982,0.8414,0.0002693
NDC,0.6231,0.1042,0.08721,2.817e-05
NDOGE,0.01315,0.002187,0.001843,5.9e-07
NEBL,6.01,0.9986,0.8417,0.0002694
NEBU,0.006465,0.001075,0.000906,2.9e-07
NEC,0.0856,0.01423,0.012,3.84e-06
NEF,0.0002229,3.707e-05,3.124e-05,1e-08
NEO,118.08,19.63,16.55,0.005297
NEOS,22.23,3.7,3.11,0.0009972
NET,0.002898,0.0004819,0.0004061,1.3e-07
NET*,5.42,0.9068,0.7591,0.0002452
NETC,0.8915,0.1482,0.1249,3.999e-05
NETKO,1.36,0.2267,0.1911,6.117e-05
NEU,0.0002229,3.707e-05,3.124e-05,1e-08
NEVA,0.07178,0.01194,0.01006,3.22e-06
NIC,0.05333,0.008859,0.007464,2.39e-06
NICE,0.02008,0.003336,0.002811,9e-07
NKA,0.0006695,0.0001112,9.369e-05,3e-08
NKC,0.0868,0.01442,0.01215,3.89e-06
NKT,0.01808,0.003003,0.00253,8.1e-07
NLC,0.0002232,1.3e-07,3.123e-05,1e-08
NLC2,1.03,0.1705,0.1437,4.6e-05
NLG,0.6628,0.1101,0.09275,2.97e-05
NMB,0.002231,0.0003707,0.0003123,1e-07
NMC,7.19,1.3,1.09,0.0003499
NMR,93.03,15.45,13.02,0.004169
NOBL,0.001116,0.0001854,0.0001562,5e-08
NODE,0.0004463,7.414e-05,6.246e-05,2e-08
NOO,1004.33,166.84,140.57,0.04501
NOTE,0.2901,0.04819,0.0406,1.3e-05
NPC,20.74,3.45,2.9,0.0009296
NRB,0.002233,0.0003707,0.0003123,1e-07
NRC,0.006477,0.001075,0.0009057,2.9e-07
NRS,1.18,0.1965,0.1655,5.3e-05
NSR,0.004244,0.0007043,0.0005934,1.9e-07
NTC,0.002233,1.2e-07,0.0003123,1e-07
NTCC,0.0002234,3.001e-05,3.123e-05,1e-08
NTRN,0.679,0.1127,0.09495,3.04e-05
NUBIS,1.43,0.238,0.2005,6.42e-05
NUKE,0.02323,0.003855,0.003248,1.04e-06
NUM,0.0002234,3.707e-05,3.123e-05,1e-08
NVC,24.03,3.99,3.36,0.001076
NXC,2.7,0.449,0.3782,0.0001211
NXE,0.03931,0.006526,0.005494,1.76e-06
NXS,12.73,2.11,1.78,0.00057
NXT,0.345,0.05954,0.05078,1.626e-05
NXTI,0.8199,0.1361,0.1146,3.671e-05
NXTTY,0.0002,7.415e-05,6.244e-05,2e-08
NYAN,0.002233,0.0003707,0.0003122,1e-07
NZC,0.0004467,7.415e-05,6.244e-05,2e-08
OAX,2.14,0.3586,0.3001,9.689e-05
OBITS,3.41,0.5665,0.477,0.0001528
OBS,2.93,0.4872,0.4102,0.0001314
OC,0.004914,0.0008157,0.0006867,2.2e-07
OCL,0.4089,0.06789,0.05716,1.831e-05
OCTO,0.00268,0.0004449,0.0003746,1.2e-07
ODNT,0.0976,0.0162,0.01364,4.37e-06
OK,2.1,0.348,0.293,9.387e-05
OLDSF,0.00134,0.0002225,0.0001873,6e-08
OLYMP,0.00134,0.0002225,0.0001873,6e-08
OMA,1.34,5e-05,0.1872,5.997e-05
OMC,0.8372,0.139,0.117,3.748e-05
OMG,52.31,8.63,7.31,0.002341
OMNI,136.82,22.7,19.11,0.006123
ONION,4.45,0.7401,0.623,0.0001996
ONX,0.3429,0.05691,0.04791,1.535e-05
OPAL,0.0478,0.007934,0.00668,2.14e-06
OPES,0.006695,0.001112,0.0009364,3e-07
OPT,0.1466,0.02452,0.02052,6.62e-06
OPTION,0.00491,0.0008157,0.0006867,2.2e-07
ORB,0.7983,0.1326,0.1117,3.577e-05
ORLY,0.003794,0.0006302,0.0005306,1.7e-07
ORME,3.36,0.5579,0.4698,0.0001505
ORO,0.002455,3.337e-05,0.0003434,1.1e-07
OS76,0.1368,0.02273,0.01913,6.13e-06
OSC,0.005133,0.0008527,0.0007179,2.3e-07
OTX,0.6427,0.1068,0.0899,2.88e-05
PAC,0.0002232,3.708e-05,3.121e-05,1e-08
PAK,0.03883,0.006451,0.005431,1.74e-06
PARA,0.0006695,0.0001112,9.364e-05,3e-08
PART,42.27,7.02,5.91,0.001894
PASC,2.21,0.3677,0.3096,9.917e-05
PASL,0.1578,0.02622,0.02207,7.07e-06
PAY,12.55,2.08,1.75,0.0005622
PAYP,0.0004463,7.415e-05,6.241e-05,2e-08
PBC,0.0002232,4.2e-07,3.121e-05,1e-08
PBKX,2.58,0.4308,0.3618,0.0001164
PBT,18300.51,3041.54,2559.57,0.82
PCM,0.01384,0.0023,0.001935,6.2e-07
PCS,0.3979,0.06614,0.05564,1.783e-05
PDC,0.7655,0.1272,0.107,3.43e-05
PEC,0.0002232,0.001,3.12e-05,1e-08
PEN,1.85,0.3069,0.2582,8.273e-05
PEPECASH,0.04865,0.008087,0.006803,2.18e-06
PEX,0.03236,0.005379,0.004525,1.45e-06
PGL,0.003415,0.0005715,0.0004797,1.5e-07
PHR,0.007815,0.001298,0.001092,3.5e-07
PHS,0.09267,0.01539,0.01295,4.15e-06
PIE,0.107,0.01776,0.01495,4.79e-06
PIGGY,0.00268,0.000445,0.0003745,1.2e-07
PING,1.05,0.1749,0.1472,4.718e-05
PINK,0.1239,0.02058,0.01732,5.55e-06
PINKX,0.0004466,7.417e-05,6.241e-05,2e-08
PIO,5.49,0.911,0.7667,0.0002457
PIVX,17.62,2.93,2.46,0.000789
PIX,0.5968,0.09988,0.08383,2.697e-05
PIZZA,0.009602,0.001595,0.001342,4.3e-07
PKB,2.08,0.3449,0.2902,9.3e-05
PLANET,0.0498,0.00827,0.006958,2.23e-06
PLBT,28.81,4.78,4.03,0.00129
PLNC,0.02546,0.004228,0.003557,1.14e-06
PLR,0.4362,0.07302,0.06127,1.971e-05
PLU,51.4,8.6,7.22,0.002324
PNC,0.2025,0.03363,0.0283,9.07e-06
PND,0.0002233,3.707e-05,3.121e-05,1e-08
PNK,0.008485,0.001409,0.001186,3.8e-07
POE,0.04778,0.007999,0.006708,2.16e-06
POINTS,0.6724,0.1116,0.09396,3.011e-05
POLY,0.0002233,0.000145,3.121e-05,1e-08
POST,0.1228,0.02039,0.01716,5.5e-06
POSW,0.5873,0.09752,0.08207,2.63e-05
POT,0.4171,0.06926,0.05829,1.868e-05
PPC,7.3,1.21,1.02,0.0003267
PPT,15.42,2.58,2.16,0.0006968
PPY,22.33,3.71,3.12,0.001
PQT,,0.08911,,
PRC,0.03126,0.005191,0.004369,1.4e-06
PRE,0.07815,0.01298,0.01092,3.5e-06
PRES,0.01987,0.0033,0.002777,8.9e-07
PRG,4.47,0.749,0.6144,0.0002022
PRIME,0.001116,0.0003455,0.0001559,5e-08
PRM,0.003796,0.0006304,0.0005302,1.7e-07
PRO,3.78,0.6278,0.528,0.0001693
PROC,0.2548,0.04231,0.03558,1.141e-05
PRX,0.01005,0.001669,0.001403,4.5e-07
PSB,0.09356,0.002119,0.01307,4.19e-06
PSEUD,0.02233,0.003709,0.003119,1e-06
PSI,0.7954,0.1321,0.1111,3.562e-05
PST,1.25,0.2091,0.1754,5.644e-05
PSY,0.06007,0.009978,0.008389,2.69e-06
PTA,0.04913,0.008163,0.006861,2.2e-06
PTC,0.2003,0.03328,0.02797,8.97e-06
PTOY,2.37,0.3933,0.3305,0.000106
PTS,0.001301,0.001002,0.000842,2.7e-07
PULSE,0.0163,0.002709,0.002277,7.3e-07
PUPA,0.0002233,3.71e-05,3.119e-05,1e-08
PUT,0.1092,0.01814,0.01527,4.89e-06
PWR,0.0002233,3.71e-05,3.118e-05,1e-08
PX,0.005806,0.0009647,0.0008117,2.6e-07
PXC,0.02188,0.003636,0.003059,9.8e-07
PXI,0.0268,0.004453,0.003746,1.2e-06
PXL,0.2126,0.03533,0.02972,9.52e-06
PYC,0.01898,0.003154,0.002654,8.5e-07
QAU,1.1,0.1848,0.1549,4.987e-05
QBC,0.004019,0.0006679,0.0005619,1.8e-07
QBK,0.2896,0.04816,0.04049,1.297e-05
QBT,0.008709,0.001448,0.001218,3.9e-07
QCN,0.08932,0.01485,0.01249,4e-06
QORA,0.0003,0.0001566,4.604e-05,3e-08
QRK,0.02724,0.00453,0.003809,1.22e-06
QRL,3.74,0.6227,0.5236,0.0001677
QSLV,0.02635,0.004382,0.003684,1.18e-06
QTL,0.02992,0.004975,0.004183,1.34e-06
QTUM,48.32,8.03,6.76,0.002164
QTZ,0.04488,0.007463,0.006275,2.01e-06
QWARK,0.9486,0.1577,0.1326,4.248e-05
RADI,0.0004466,7.427e-05,6.235e-05,2e-08
RADS,25.95,4.32,3.62,0.001162
RAIN,0.4491,0.07468,0.0627,2.011e-05
RATIO,0.004019,0.0006684,0.0005612,1.8e-07
RBIES,0.1972,0.03279,0.02753,8.83e-06
RBIT,0.001563,0.00026,0.0002182,7e-08
RBR,0.02501,0.004159,0.003492,1.12e-06
RBT,0.002903,0.0004826,0.0004053,1.3e-07
RBX,0.001563,0.00026,0.0002182,7e-08
RBY,3.48,0.5784,0.4857,0.0001558
RC,0.2233,0.03714,0.03118,1e-05
RCN,0.0002233,3.714e-05,3.118e-05,1e-08
RCX,0.0002233,3.714e-05,3.118e-05,1e-08
RDD,0.005806,0.0009655,0.0008106,2.6e-07
RDN,0.1686,0.02804,0.02354,7.55e-06
RED,0.00402,0.0006684,0.0005612,1.8e-07
REE,0.0002233,3.714e-05,3.118e-05,1e-08
REP,109.42,18.12,15.37,0.0049
REV,0.04444,0.0002,0.006205,1.99e-06
RIC,0.27,0.0449,0.0377,1.209e-05
RICE,0.6699,0.1114,0.09354,3e-05
RIDE,0.001786,0.0002971,0.0002494,8e-08
RING,0.0002233,3.714e-05,3.119e-05,1e-08
RIPO,0.02233,0.003714,0.003119,1e-06
RISE,2.96,0.4918,0.4128,0.0001324
RIYA,2.05,0.3417,0.287,9.2e-05
RKC,1.84,0.3078,0.2583,8.31e-05
RLC,3.02,0.5022,0.4217,0.0001352
RMS,0.5036,0.08374,0.07034,2.255e-05
RNC,0.006699,0.001114,0.0009357,3e-07
RNS,0.1608,0.02674,0.02246,7.2e-06
ROOT,0.01094,0.00182,0.001528,4.9e-07
ROOTS,0.1482,0.02484,0.02085,6.71e-06
ROS,0.002903,0.0004828,0.0004056,1.3e-07
ROUND,0.1241,0.02065,0.01735,5.56e-06
ROYAL,0.01361,0.002266,0.001903,6.1e-07
RPC,0.2047,0.03406,0.0286,9.17e-06
RRT,0.8838,0.1527,0.1236,3.96e-05
RT2,1.03,0.1709,0.1435,4.6e-05
RUBIT,0.01562,0.0026,0.002184,7e-07
RUST,0.08838,0.01471,0.01235,3.96e-06
RVT,2.95,0.494,0.4151,0.0001333
RYC,0.003571,0.0005943,0.0004991,1.6e-07
RYCN,0.005803,0.00165,0.000811,2.6e-07
RZR,0.1761,0.02931,0.02461,7.89e-06
S8C,0.001339,3.1e-07,0.0001872,6e-08
SAFEX,0.06071,0.0101,0.008485,2.72e-06
SAK,0.0221,0.003677,0.003088,9.9e-07
SAN,2.04,0.3367,0.285,9.136e-05
SAND,0.006026,0.001003,0.0008422,2.7e-07
SANDG,0.02076,0.003454,0.002901,9.3e-07
SAR,1.46,0.2424,0.2036,6.528e-05
SAT2,0.02723,0.004531,0.003806,1.22e-06
SBC,0.001562,0.00026,0.0002184,7e-08
SBD,6.04,1.01,0.8444,0.0002707
SC,0.02901,0.004828,0.004055,1.3e-06
SCASH,0.1163,0.01935,0.01625,5.21e-06
SCL,1.65,0.277,0.2323,7.478e-05
SCN,0.02812,0.0072,0.00393,1.26e-06
SCORE,0.03392,0.005644,0.004741,1.52e-06
SCOT,0.005133,0.0008541,0.0007174,2.3e-07
SCRPT,0.005798,0.0009655,0.000811,2.6e-07
SCRT,0.08927,0.01485,0.01248,4e-06
SCT,0.009588,0.001597,0.001341,4.3e-07
SDC,0.5579,0.09292,0.07804,2.502e-05
SDP,0.3068,0.0511,0.04292,1.376e-05
SEEDS,0.1023,0.01705,0.01432,4.59e-06
SEL,3.37,0.5608,0.471,0.000151
SEN,0.1128,0.01879,0.01578,5.06e-06
SEQ,0.7869,0.1311,0.1101,3.529e-05
SFC,0.003791,0.0006313,0.0005303,1.7e-07
SFE,0.000223,3.714e-05,3.119e-05,1e-08
SFR,0.01182,0.001968,0.001653,5.3e-07
SH,0.009365,0.00156,0.00131,4.2e-07
SHADE,0.03434,0.005719,0.004803,1.54e-06
SHIFT,7.66,1.28,1.07,0.0003435
SHLD,0.1003,0.01672,0.01404,4.5e-06
SHORTY,0.02743,0.004568,0.003835,1.23e-06
SIB,6.35,1.06,0.8886,0.000285
SIFT,34.13,5.71,4.8,0.001542
SIGT,0.2433,0.04053,0.03402,1.091e-05
SIGU,0.6609,0.1101,0.09241,2.964e-05
SILK,0.248,0.04131,0.03467,1.112e-05
SJCX,2.91,0.4848,0.4069,0.0001305
SKB,0.1409,0.02348,0.01971,6.32e-06
SKIN,0.1143,0.01913,0.01608,5e-06
SKY,17.97,2.99,2.51,0.0008058
SLG,0.1944,0.03239,0.02719,8.72e-06
SLING,0.3771,0.06281,0.05274,1.691e-05
SLM,0.06422,0.0107,0.008982,2.88e-06
SLR,1.15,0.1913,0.1606,5.149e-05
SLS,75.81,12.63,10.6,0.0034
SMAC,0.03501,0.005832,0.004897,1.57e-06
SMART,0.1019,0.01697,0.01425,4.57e-06
SMC,0.07782,0.01296,0.01088,3.49e-06
SMF,0.000223,3.714e-05,3.119e-05,1e-08
SMLY,0.0004458,6e-05,6.237e-05,2e-08
SMSR,0.01404,0.00234,0.001965,6.3e-07
SNC,0.2079,0.03485,0.02922,9.41e-06
SNGLS,1.04,0.173,0.1453,4.658e-05
SNM,0.4338,0.07226,0.06072,1.946e-05
SNRG,8.65,1.44,1.21,0.000388
SNT,0.1326,0.0221,0.01856,5.95e-06
SOCC,0.06754,0.01126,0.009453,3.03e-06
SOIL,0.06464,0.01077,0.009047,2.9e-06
SOJ,0.1433,0.02389,0.02006,6.43e-06
SOLE,0.04213,0.007021,0.005897,1.89e-06
SONG,0.003789,0.0006315,0.0005303,1.7e-07
SOON,0.01382,0.002303,0.001934,6.2e-07
SOUL,0.0002229,3.715e-05,3.12e-05,1e-08
SP,0.0002229,3.715e-05,3.12e-05,1e-08
SPA,0.02229,0.003715,0.003119,1e-06
SPACE,0.02028,0.00338,0.002839,9.1e-07
SPC,5.58,0.9298,0.7809,0.0002503
SPEC,0.0002229,3.715e-05,3.12e-05,1e-08
SPHR,13.66,2.28,1.91,0.0006128
SPKTR,0.02765,0.004607,0.003874,1.24e-06
SPM,0.000892,0.0001486,0.000125,4e-08
SPN,0.000223,3.715e-05,3.125e-05,1e-08
SPORT,0.003568,0.0005945,0.0005,1.6e-07
SPOTS,17.34,0.08,2.43,0.0007778
SPR,10.94,1.82,1.53,0.0004905
SPRTS,0.000223,3.715e-05,3.125e-05,1e-08
SPT,0.01472,0.002452,0.002062,6.6e-07
SPX,0.1771,0.0295,0.02481,7.94e-06
SQL,0.6679,0.1113,0.09359,2.995e-05
SRC,0.0582,0.009697,0.00816,2.61e-06
SSD,0.006913,0.001152,0.0009692,3.1e-07
SSTC,0.000669,0.0001115,9.378e-05,3e-08
SSV,0.003791,0.0006315,0.0005314,1.7e-07
STA,2.42,0.4035,0.3395,0.0001086
STA*,0.000669,0.0001114,9.378e-05,3e-08
STALIN,0.000446,7.428e-05,6.252e-05,2e-08
STAR,0.3345,0.0557,0.04689,1.5e-05
STAR*,0.000223,3.713e-05,3.126e-05,1e-08
START,0.4181,0.06962,0.0586,1.875e-05
STCN,5.02,0.8366,0.7039,0.0002252
STEEM,6.26,1.04,0.877,0.0002806
STEPS,0.01049,0.02859,0.001469,4.7e-07
STHR,2.23,0.3718,0.313,0.0001001
STO,0.0002231,3.713e-05,3.126e-05,1e-08
STORJ,2.82,0.4696,0.3951,0.0001264
STR*,0.001115,0.0001857,0.0001563,5e-08
STRAT,24.24,4.04,3.4,0.001087
STS,0.002007,0.0003344,0.0002813,9e-08
STV,0.05039,0.008396,0.007064,2.26e-06
STX,2.29,0.3827,0.3209,0.0001032
SUB,0.3155,0.05276,0.04424,1.423e-05
SUP,0.2036,0.03392,0.02853,9.13e-06
SUPER,0.04705,0.007835,0.006594,2.11e-06
SUR,18.76,3.14,2.63,0.0008458
SWARM,0.1116,0.01858,0.01562,5e-06
SWEET,0.000446,7.426e-05,6.25e-05,2e-08
SWIFT,6.43,1.07,0.9,0.000288
SWING,0.295,0.04913,0.04134,1.323e-05
SWT,9.21,1.53,1.29,0.0004125
SXC,0.04665,0.00776,0.006531,2.09e-06
SYNC,915.06,152.32,128.12,0.041
SYNX,2.02,0.337,0.2835,9.072e-05
SYS,0.8251,0.1373,0.1155,3.697e-05
TAAS,19.66,3.27,2.75,0.0008807
TAB,0.2567,0.04272,0.03594,1.15e-05
TAG,0.3524,0.05866,0.04934,1.579e-05
TAGR,0.003794,0.0006314,0.0005313,1.7e-07
TAJ,0.01964,0.003269,0.00275,8.8e-07
TAK,0.0002234,3.714e-05,3.125e-05,1e-08
TAM,1.05,0.1742,0.1466,4.69e-05
TAP,0.0002234,3.715e-05,3.126e-05,1e-08
TBCX,0.001341,0.0002229,0.0001876,6e-08
TCR,0.001341,0.0002229,0.0001876,6e-08
TDFB,0.1622,0.02697,0.02269,7.26e-06
TEAM,0.000894,0.0001486,0.000125,4e-08
TEC,0.0858,0.01427,0.012,3.84e-06
TECH,2.43,0.4035,0.3395,0.0001086
TEK,0.000894,0.0001486,0.000125,4e-08
TELL,0.0006705,0.0001115,9.378e-05,3e-08
TENNET,0.019,0.003158,0.002657,8.5e-07
TES,0.06191,0.01028,0.008659,2.77e-06
TESLA,4.16,0.6909,0.5818,0.0001861
TFL,4.05,0.983,0.5658,0.000181
TGC,0.01229,0.002042,0.001719,5.5e-07
THC,0.07174,0.01191,0.01003,3.21e-06
THNX,0.1341,0.1,0.01876,6e-06
THS,3.12,0.5177,0.4361,0.0001395
TIA,0.01028,0.001707,0.001438,4.6e-07
TIC,0.02034,0.003377,0.002845,9.1e-07
TIME,103.64,17.21,14.5,0.004637
TIT,0.02458,0.004082,0.003439,1.1e-06
TIX,1.02,0.1706,0.1431,4.604e-05
TKN,8.25,1.37,1.15,0.000369
TKN*,6.46,1.07,0.9041,0.0002892
TKS,16.18,2.69,2.26,0.000724
TMC,3.15,3.76,3.17,0.001014
TME,0.08962,0.01488,0.01254,4.01e-06
TNT,0.4828,0.08016,0.06752,2.16e-05
TODAY,0.006928,0.00115,0.0009691,3.1e-07
TOM,0.3797,0.06305,0.05305,1.699e-05
TOR,0.2231,0.03704,0.03116,9.98e-06
TOT,0.0002235,3.711e-05,3.123e-05,1e-08
TPAY,0.1453,0.02412,0.0203,6.5e-06
TPG,0.001117,0.0001856,0.0001561,5e-08
TRA,0.2307,0.0383,0.03223,1.032e-05
TRC,0.7822,0.1299,0.1093,3.5e-05
TRI,16.34,2.71,2.28,0.0007314
TRICK,0.03039,0.005048,0.004247,1.36e-06
TRIG,6.76,1.12,0.9444,0.0003025
TRK,0.009384,0.001559,0.001312,4.2e-07
TRON,5.53,0.9182,0.7724,0.0002474
TRST,1.97,0.3272,0.2753,8.816e-05
TRUMP,0.2417,0.04016,0.03379,1.082e-05
TRUST,0.4578,0.07605,0.06397,2.049e-05
TSE,0.004692,0.0007792,0.0006561,2.1e-07
TTC,0.0006703,0.0001113,9.369e-05,3e-08
TUR,8.64,1.44,1.21,0.0003867
TWIST,0.2881,0.04787,0.04028,1.29e-05
TWLV,0.01384,0.0001001,0.001936,6.2e-07
TX,2.64,0.4394,0.3697,0.0001184
U,0.01317,0.0008,0.001842,5.9e-07
UBIQ,0.01027,0.001707,0.001436,4.6e-07
UBQ,9.67,1.61,1.35,0.000433
UET,0.06972,0.01166,0.00978,3.15e-06
UFO,0.0002233,3.71e-05,3.123e-05,1e-08
UIS,0.07838,0.01302,0.01097,3.51e-06
ULTC,0.5509,0.09152,0.07707,2.467e-05
UNAT,0.6451,0.1072,0.09019,2.889e-05
UNB,1.51,0.2508,0.2111,6.761e-05
UNC,0.0002233,3.71e-05,3.122e-05,1e-08
UNF,0.00335,0.0005565,0.0004683,1.5e-07
UNI,0.1125,0.0187,0.01573,5.04e-06
UNIFY,0.205,0.03406,0.02866,9.18e-06
UNIQ,0.004913,0.0008161,0.0006868,2.2e-07
UNIT,0.1201,0.01996,0.01679,5.38e-06
UNITS,0.1753,0.02912,0.0245,7.85e-06
UNITY,28.6,12.24,10.3,0.0033
UNO,568.3,94.41,79.42,0.02545
UR,0.004466,0.0007417,0.0006241,2e-07
URO,0.1885,0.0313,0.02634,8.44e-06
USC,0.3825,0.06352,0.05344,1.713e-05
USDE,0.0008932,0.0001483,0.0001248,4e-08
USDT,6.0,1.0,0.8413,0.0002698
UTC,0.04689,0.007787,0.006551,2.1e-06
UTH,0.001117,0.0001854,0.000156,5e-08
UTIL,0.1463,0.02427,0.02043,6.55e-06
VAPOR,0.06565,0.01089,0.00917,2.94e-06
VDO,0.01228,0.002038,0.001716,5.5e-07
VEC2,0.02635,6.03e-05,0.003681,1.18e-06
VEG,0.005583,0.0009262,0.0007798,2.5e-07
VERI,492.67,82.4,69.06,0.02225
VERSA,0.0002233,5.58e-06,3.119e-05,1e-08
VIA,6.69,1.11,0.9348,0.0002997
VIDZ,0.008039,0.001334,0.001123,3.6e-07
VIOR,0.05984,0.00993,0.008359,2.68e-06
VIP,0.002903,0.0004817,0.0004055,1.3e-07
VIRAL,0.01094,0.03136,0.001528,4.9e-07
VISIO,0.3285,0.05449,0.04588,1.471e-05
VLT,3.06,0.5076,0.4273,0.000137
VLTC,0.002456,0.0004075,0.0003431,1.1e-07
VMC,0.0008932,0.0001482,0.0001248,4e-08
VOLT,0.002903,0.0004816,0.0004055,1.3e-07
VOOT,0.09602,0.01593,0.01341,4.3e-06
VOX,0.2695,0.04471,0.03765,1.207e-05
VOYA,43.66,7.24,6.1,0.001955
VPRC,0.0002233,3.704e-05,3.119e-05,1e-08
VRC,1.78,0.2953,0.2487,7.974e-05
VRM,12.17,2.02,1.7,0.000545
VRS,0.0004466,8.955e-05,6.238e-05,2e-08
VSL,3.1,0.5142,0.4329,0.0001388
VSM,13.42,2.5,1.51,0.0006008
VTA,0.0002233,2.01e-06,3.119e-05,1e-08
VTC,6.39,1.06,0.8922,0.0002862
VTR,1.24,0.2049,0.1724,5.531e-05
VTX,0.006476,0.001074,0.0009041,2.9e-07
VTY,0.0002233,3.705e-05,3.118e-05,1e-08
VUC,0.02054,0.003408,0.002868,9.2e-07
WARP,0.1684,0.02793,0.02348,7.54e-06
WASH,0.001117,0.0001852,0.0001557,5e-08
WAVES,23.42,3.89,3.27,0.001049
WAY,0.007592,0.00126,0.001059,3.4e-07
WBB,6.31,1.05,0.8793,0.0002824
WBTC,22328.55,3704.45,3114.55,1.0
WC,0.04912,0.00815,0.006852,2.2e-06
WCT,6.3,1.05,0.8789,0.0002822
WDC,0.03974,0.006597,0.005544,1.78e-06
WEALTH,6.8,1.14,0.9526,0.0003074
WEX,0.3061,0.05081,0.04272,1.371e-05
WGC,0.0002233,8e-08,3.116e-05,1e-08
WGO,0.313,0.05195,0.04369,1.402e-05
WGR,0.3758,0.06237,0.05245,1.683e-05
WINE,0.0002233,3.706e-05,3.116e-05,1e-08
WINGS,3.58,0.5936,0.4992,0.0001602
WINK,0.00134,0.0002223,0.0001869,6e-08
WISC,0.0006699,0.0001112,9.347e-05,3e-08
WMC,0.04421,0.007337,0.006169,1.98e-06
WNET,0.1121,0.0186,0.01564,5.02e-06
WOLF,0.1116,0.01853,0.01558,5e-06
WOP,0.03707,0.0003509,0.005172,1.66e-06
WORM,0.002679,0.0004446,0.0003739,1.2e-07
WRC*,0.02054,0.003409,0.002866,9.2e-07
WRT,0.01876,0.003112,0.002617,8.4e-07
WSX,0.00736,0.001223,0.001028,3.3e-07
WTC,11.32,1.88,1.58,0.000507
WTT,11.9,1.99,1.67,0.0005379
X2,0.0004466,7.41e-05,6.231e-05,2e-08
XAI,0.1316,0.02186,0.01838,5.9e-06
XAU,0.09634,0.01601,0.01346,4.32e-06
XAUR,1.09,0.1804,0.1517,4.87e-05
XBC,348.58,57.91,48.7,0.01563
XBOT,0.01472,0.002446,0.002056,6.6e-07
XBS,22.14,3.68,3.09,0.0009919
XBTS,0.0692,0.01149,0.009659,3.1e-06
XBY,0.08281,0.01375,0.01157,3.71e-06
XC,9.92,1.65,1.39,0.0004444
XCASH,0.1562,0.02594,0.02183,7e-06
XCE,0.03237,0.008,0.004522,1.45e-06
XCI,0.354,0.05877,0.04946,1.586e-05
XCN,0.009598,0.001593,0.001341,4.3e-07
XCO,0.03259,0.005409,0.004553,1.46e-06
XCP,59.22,9.83,8.27,0.002653
XCR,0.1129,0.01875,0.01578,5.06e-06
XCRE,0.009821,0.00163,0.001372,4.4e-07
XCT,0.002679,0.0004446,0.0003742,1.2e-07
XCXT,0.1433,0.02378,0.02002,6.42e-06
XDB,0.02545,0.004223,0.003555,1.14e-06
XDE2,8.38,1.39,1.17,0.0003754
XDN,0.01295,0.002146,0.001809,5.8e-07
XDP,0.4716,0.07828,0.06589,2.113e-05
XDQ,0.02634,0.004372,0.00368,1.18e-06
XEL,2.39,0.396,0.3333,0.0001069
XEM,1.25,0.2184,0.1845,5.918e-05
XEN,0.02723,0.00452,0.003804,1.22e-06
XFC,26.9,4.46,3.76,0.001205
XG,0.0462,0.007669,0.006455,2.07e-06
XGB,0.005804,0.0009632,0.0008108,2.6e-07
XGR,0.02299,0.003816,0.003212,1.03e-06
XHI,0.02054,0.003408,0.002868,9.2e-07
XID,0.9804,0.164,0.1374,4.428e-05
XID*,0.03103,0.005155,0.004333,1.39e-06
XJO,0.03348,0.005563,0.004676,1.5e-06
XLB,0.008705,0.001446,0.001216,3.9e-07
XLC,0.1047,0.01739,0.01462,4.69e-06
XLM,0.07009,0.0116,0.009787,3.14e-06
XLR,2.25,0.3738,0.3142,0.0001008
XMCC,6.22,1.03,0.8684,0.0002786
XMG,1.41,0.2337,0.1964,6.3e-05
XMR,542.18,89.76,75.39,0.02429
XMS,0.004464,0.0007419,0.0006234,2e-07
XMY,0.01406,0.002338,0.001964,6.3e-07
XNA,0.0002232,3e-06,3.118e-05,1e-08
XNG,1.07,0.1782,0.1497,4.802e-05
XNX,0.001339,0.0002227,0.0001871,6e-08
XPB,0.1574,0.02616,0.02198,7.05e-06
XPD,0.01339,0.002227,0.001871,6e-07
XPH,0.0002232,3.711e-05,3.118e-05,1e-08
XPM,0.6801,0.129,0.1083,3.475e-05
XPO,0.00625,0.001039,0.000873,2.8e-07
XPOKE,0.0004464,0.01998,6.235e-05,2e-08
XPRO,0.06406,0.01065,0.008948,2.87e-06
XPS,0.0002232,3.711e-05,3.118e-05,1e-08
XPY,0.06585,0.01095,0.009197,2.95e-06
XQN,0.1116,0.01856,0.01559,5e-06
XRA,0.008705,0.001448,0.001216,3.9e-07
XRB,0.144,0.02395,0.02011,6.45e-06
XRE,0.02723,0.00453,0.003804,1.22e-06
XRL,2.31,0.3871,0.3241,0.0001044
XRP,1.0,0.1757,0.1478,4.743e-05
XSEED,0.0279,0.004641,0.003896,1.25e-06
XSI,0.4464,0.07425,0.06234,2e-05
XSP,0.0837,0.01392,0.01171,3.75e-06
XSPEC,2.24,0.3724,0.3132,0.0001003
XST,1.28,0.2129,0.1791,5.734e-05
XT,0.0002232,3.713e-05,3.123e-05,1e-08
XTC,0.0051,0.001114,0.0009368,3e-07
XTZ,9.67,1.61,1.35,0.000433
XUP,0.3583,0.0596,0.05011,1.605e-05
XVC,2.11,0.3516,0.2957,9.47e-05
XVE,0.001786,0.000297,0.0002498,8e-08
XVG,0.03572,0.00594,0.004996,1.6e-06
XVP,0.1496,0.02487,0.02092,6.7e-06
XVS,0.04107,0.006831,0.005746,1.84e-06
XWC,0.1566,0.02602,0.02189,7.01e-06
XWT,0.006031,0.2717,0.0008432,2.7e-07
XXX,0.02677,0.004455,0.003748,1.2e-06
XZC,66.69,11.1,9.34,0.00299
YAC,0.006022,0.001002,0.0008432,2.7e-07
YAY,0.0002231,3.713e-05,3.123e-05,1e-08
YBC,12936.85,2153.8,1811.59,0.58
YES,0.0002231,3.713e-05,3.124e-05,1e-08
YMC,0.0008922,0.0001486,0.000125,4e-08
YOC,0.007584,0.001334,0.001062,3.4e-07
YOVI,321.19,53.48,44.99,0.0144
ZBC,0.223,3.98,0.45,1e-05
ZCC,0.028,0.1299,0.1093,3.499e-05
ZCL,10.49,1.75,1.47,0.0004704
ZEC,1213.61,201.65,168.76,0.05441
ZECD,0.0002231,3.714e-05,3.124e-05,1e-08
ZED,0.01271,0.002116,0.001781,5.7e-07
ZEIT,0.0004461,7.428e-05,6.248e-05,2e-08
ZEN,41.49,6.91,5.81,0.00186
ZENI,0.01094,0.001819,0.001531,4.9e-07
ZER,1.18,0.1955,0.1645,5.266e-05
ZET,0.02277,0.003787,0.003186,1.02e-06
ZET2,0.6369,0.1059,0.08912,2.853e-05
ZLQ,0.000893,0.0001485,0.000125,4e-08
ZNE,0.03684,0.006127,0.005154,1.65e-06
ZNY,0.003795,0.0006312,0.000531,1.7e-07
ZOI,0.4248,0.07066,0.05937,1.903e-05
ZOOM,0.1085,0.01805,0.01516,4.86e-06
ZRC,5.63,0.9372,0.7875,0.0002524
ZRC*,1.17,0.1939,0.163,5.223e-05
ZRX,1.07,0.1771,0.1489,4.772e-05
ZSE,0.03326,0.005531,0.004655,1.49e-06
ZUR,0.01362,0.002264,0.001903,6.1e-07
ZXT,0.0002233,2.01e-06,3.124e-05,1e-08
ZYD,0.02992,0.004975,0.004186,1.34e-06
